{
	"credit": "Made with Blockbench",
	"textures": {
		"0": "custom/cell_sprite"
	},
	"elements": [
		{
			"name": "cell_sprite_0",
			"from": [1.88235, 0.00588, 0],
			"to": [14.11765, 11.3, 0.94118],
			"rotation": {"angle": 0, "axis": "x", "origin": [0, -4.7, 0]},
			"faces": {
				"north": {"uv": [14.11765, 0, 1.88235, 16], "texture": "#0"},
				"east": {"uv": [13.17647, 0, 14.11765, 16], "texture": "#0"},
				"south": {"uv": [1.88235, 0, 14.11765, 16], "texture": "#0"},
				"west": {"uv": [1.88235, 0, 2.82353, 16], "texture": "#0"},
				"up": {"uv": [1.88235, 0, 14.11765, 1.33333], "texture": "#0"},
				"down": {"uv": [1.88235, 14.66667, 14.11765, 16], "texture": "#0"}
			}
		},
		{
			"name": "cell_sprite_1",
			"from": [0.94118, 0.00588, 0],
			"to": [1.88235, 10.35882, 0.94118],
			"rotation": {"angle": 0, "axis": "x", "origin": [0, -4.7, 0]},
			"faces": {
				"north": {"uv": [1.88235, 1.33333, 0.94118, 16], "texture": "#0"},
				"east": {"uv": [0.94118, 1.33333, 1.88235, 16], "texture": "#0"},
				"south": {"uv": [0.94118, 1.33333, 1.88235, 16], "texture": "#0"},
				"west": {"uv": [0.94118, 1.33333, 1.88235, 16], "texture": "#0"},
				"up": {"uv": [0.94118, 1.33333, 1.88235, 2.66667], "texture": "#0"},
				"down": {"uv": [0.94118, 14.66667, 1.88235, 16], "texture": "#0"}
			}
		},
		{
			"name": "cell_sprite_2",
			"from": [14.11765, 0.00588, 0],
			"to": [15.05882, 10.35882, 0.94118],
			"rotation": {"angle": 0, "axis": "x", "origin": [0, -4.7, 0]},
			"faces": {
				"north": {"uv": [15.05882, 1.33333, 14.11765, 16], "texture": "#0"},
				"east": {"uv": [14.11765, 1.33333, 15.05882, 16], "texture": "#0"},
				"south": {"uv": [14.11765, 1.33333, 15.05882, 16], "texture": "#0"},
				"west": {"uv": [14.11765, 1.33333, 15.05882, 16], "texture": "#0"},
				"up": {"uv": [14.11765, 1.33333, 15.05882, 2.66667], "texture": "#0"},
				"down": {"uv": [14.11765, 14.66667, 15.05882, 16], "texture": "#0"}
			}
		},
		{
			"name": "cell_sprite_3",
			"from": [0, 0.00588, 0],
			"to": [0.94118, 9.41765, 0.94118],
			"rotation": {"angle": 0, "axis": "x", "origin": [0, -4.7, 0]},
			"faces": {
				"north": {"uv": [0.94118, 2.66667, 0, 16], "texture": "#0"},
				"east": {"uv": [0, 2.66667, 0.94118, 16], "texture": "#0"},
				"south": {"uv": [0, 2.66667, 0.94118, 16], "texture": "#0"},
				"west": {"uv": [0, 2.66667, 0.94118, 16], "texture": "#0"},
				"up": {"uv": [0, 2.66667, 0.94118, 4], "texture": "#0"},
				"down": {"uv": [0, 14.66667, 0.94118, 16], "texture": "#0"}
			}
		},
		{
			"name": "cell_sprite_4",
			"from": [15.05882, 0.00588, 0],
			"to": [16, 9.41765, 0.94118],
			"rotation": {"angle": 0, "axis": "x", "origin": [0, -4.7, 0]},
			"faces": {
				"north": {"uv": [16, 2.66667, 15.05882, 16], "texture": "#0"},
				"east": {"uv": [15.05882, 2.66667, 16, 16], "texture": "#0"},
				"south": {"uv": [15.05882, 2.66667, 16, 16], "texture": "#0"},
				"west": {"uv": [15.05882, 2.66667, 16, 16], "texture": "#0"},
				"up": {"uv": [15.05882, 2.66667, 16, 4], "texture": "#0"},
				"down": {"uv": [15.05882, 14.66667, 16, 16], "texture": "#0"}
			}
		}
	],
	"gui_light": "front",
	"display": {
		"thirdperson_righthand": {
			"translation": [0, 3.25, 3.5],
			"scale": [0.5, 0.5, 0.5]
		},
		"thirdperson_lefthand": {
			"translation": [0, 3.25, 3.75],
			"scale": [0.5, 0.5, 0.5]
		},
		"ground": {
			"translation": [1.25, 0.25, 4],
			"scale": [0.5, 0.5, 0.5]
		},
		"gui": {
			"translation": [0, 2, 0],
			"scale": [0.8, 0.8, 0.8]
		},
		"head": {
			"translation": [0, 2.25, 1]
		},
		"fixed": {
			"translation": [0, 2, 7.75]
		}
	},
	"groups": [
		{
			"name": "bullet_54",
			"origin": [8, 8, 8],
			"color": 0,
			"children": [
				{
					"name": "cell_sprite",
					"origin": [8, 8, 8],
					"color": 0,
					"children": [0, 1, 2, 3, 4]
				}
			]
		}
	]
}