{
	"credit": "Designed by ThePatriotsFan with Cubik Studio - https://cubik.studio",
	"textures": {
		"Drunken2_atlas1": "guns/drunken2_atlas1",
		"particle": "custom/quadlaunch"
	},
	"elements": [
		{
			"name": "Voxels",
			"from": [4.5, 0.5, 8.5],
			"to": [7, 1.5, 9.5],
			"shade": false,
			"faces": {
				"north": {"uv": [5.625, 11.875, 5, 12.125], "texture": "#Drunken2_atlas1"},
				"east": {"uv": [9.125, 13.75, 8.875, 14], "texture": "#Drunken2_atlas1"},
				"south": {"uv": [4.75, 11.625, 5.375, 11.875], "texture": "#Drunken2_atlas1"},
				"west": {"uv": [8.875, 14.5, 9.125, 14.75], "texture": "#Drunken2_atlas1"},
				"up": {"uv": [5, 12.375, 5.625, 12.125], "texture": "#Drunken2_atlas1"},
				"down": {"uv": [5.375, 11.625, 6, 11.875], "texture": "#Drunken2_atlas1"}
			}
		},
		{
			"name": "Voxels",
			"from": [5, -2, 3],
			"to": [7, -1, 4],
			"shade": false,
			"faces": {
				"north": {"uv": [6, 12.625, 5.5, 12.875], "texture": "#Drunken2_atlas1"},
				"east": {"uv": [9.125, 14.25, 8.875, 14.5], "texture": "#Drunken2_atlas1"},
				"south": {"uv": [5.5, 10, 6, 10.25], "texture": "#Drunken2_atlas1"},
				"west": {"uv": [8.875, 14, 9.125, 14.25], "texture": "#Drunken2_atlas1"},
				"up": {"uv": [5.5, 13.125, 6, 12.875], "texture": "#Drunken2_atlas1"},
				"down": {"uv": [5.5, 15.25, 6, 15.5], "texture": "#Drunken2_atlas1"}
			}
		},
		{
			"name": "Voxels",
			"from": [5, 0, 8.5],
			"to": [7, 0.5, 9.5],
			"shade": false,
			"faces": {
				"north": {"uv": [10.875, 15, 10.375, 15.125], "texture": "#Drunken2_atlas1"},
				"east": {"uv": [9.625, 12.875, 9.375, 13], "texture": "#Drunken2_atlas1"},
				"south": {"uv": [9.875, 15, 10.375, 15.125], "texture": "#Drunken2_atlas1"},
				"west": {"uv": [9.375, 12.25, 9.625, 12.375], "texture": "#Drunken2_atlas1"},
				"up": {"uv": [5.5, 9.75, 6, 9.5], "texture": "#Drunken2_atlas1"},
				"down": {"uv": [5.5, 9.75, 6, 10], "texture": "#Drunken2_atlas1"}
			}
		},
		{
			"name": "Voxels",
			"from": [5, 0.5, 9.5],
			"to": [6.5, 1.5, 10],
			"shade": false,
			"faces": {
				"north": {"uv": [7.625, 12.25, 7.25, 12.5], "texture": "#Drunken2_atlas1"},
				"east": {"uv": [9.375, 8.75, 9.25, 9], "texture": "#Drunken2_atlas1"},
				"south": {"uv": [7.25, 12, 7.625, 12.25], "texture": "#Drunken2_atlas1"},
				"west": {"uv": [9.25, 8.5, 9.375, 8.75], "texture": "#Drunken2_atlas1"},
				"up": {"uv": [10.625, 14.75, 11, 14.625], "texture": "#Drunken2_atlas1"},
				"down": {"uv": [10.25, 14.625, 10.625, 14.75], "texture": "#Drunken2_atlas1"}
			}
		},
		{
			"name": "Voxels",
			"from": [6, -7, 0.5],
			"to": [11, -6.5, 1.5],
			"shade": false,
			"faces": {
				"north": {"uv": [6, 8.75, 4.75, 8.875], "texture": "#Drunken2_atlas1"},
				"east": {"uv": [15.875, 14.375, 15.625, 14.5], "texture": "#Drunken2_atlas1"},
				"south": {"uv": [4.75, 11.5, 6, 11.625], "texture": "#Drunken2_atlas1"},
				"west": {"uv": [9.375, 14.25, 9.625, 14.375], "texture": "#Drunken2_atlas1"},
				"up": {"uv": [4.75, 15.75, 6, 15.5], "texture": "#Drunken2_atlas1"},
				"down": {"uv": [4.75, 15.75, 6, 16], "texture": "#Drunken2_atlas1"}
			}
		},
		{
			"name": "Voxels",
			"from": [6, -6.5, 0],
			"to": [11, -3, 0.5],
			"shade": false,
			"faces": {
				"north": {"uv": [1.25, 10.875, 0, 11.75], "texture": "#Drunken2_atlas1"},
				"east": {"uv": [7.25, 11.5, 7.125, 12.375], "texture": "#Drunken2_atlas1"},
				"south": {"uv": [0, 10, 1.25, 10.875], "texture": "#Drunken2_atlas1"},
				"west": {"uv": [7.125, 12.375, 7.25, 13.25], "texture": "#Drunken2_atlas1"},
				"up": {"uv": [4.75, 10.75, 6, 10.625], "texture": "#Drunken2_atlas1"},
				"down": {"uv": [4.75, 10.75, 6, 10.875], "texture": "#Drunken2_atlas1"}
			}
		},
		{
			"name": "Voxels",
			"from": [6, -6.5, 0.5],
			"to": [6.5, -2.5, 1.5],
			"shade": false,
			"faces": {
				"north": {"uv": [6.125, 11.75, 6, 12.75], "texture": "#Drunken2_atlas1"},
				"east": {"uv": [3.875, 13.25, 3.625, 14.25], "texture": "#Drunken2_atlas1"},
				"south": {"uv": [6.125, 11.75, 6.25, 12.75], "texture": "#Drunken2_atlas1"},
				"west": {"uv": [1.5, 8.25, 1.75, 9.25], "texture": "#Drunken2_atlas1"},
				"up": {"uv": [9.25, 11.5, 9.375, 11.25], "texture": "#Drunken2_atlas1"},
				"down": {"uv": [9.25, 11, 9.375, 11.25], "texture": "#Drunken2_atlas1"}
			}
		},
		{
			"name": "Voxels",
			"from": [6, -2, 0.5],
			"to": [11, -1.5, 1],
			"shade": false,
			"faces": {
				"north": {"uv": [6, 9, 4.75, 9.125], "texture": "#Drunken2_atlas1"},
				"east": {"uv": [12.375, 14, 12.25, 14.125], "texture": "#Drunken2_atlas1"},
				"south": {"uv": [4.75, 8.875, 6, 9], "texture": "#Drunken2_atlas1"},
				"west": {"uv": [12.375, 14, 12.5, 14.125], "texture": "#Drunken2_atlas1"},
				"up": {"uv": [4.75, 9.25, 6, 9.125], "texture": "#Drunken2_atlas1"},
				"down": {"uv": [4.75, 9.25, 6, 9.375], "texture": "#Drunken2_atlas1"}
			}
		},
		{
			"name": "Voxels",
			"from": [6, -2, 1],
			"to": [6.5, 2, 3],
			"shade": false,
			"faces": {
				"north": {"uv": [6.375, 11.75, 6.25, 12.75], "texture": "#Drunken2_atlas1"},
				"east": {"uv": [2.25, 13.5, 1.75, 14.5], "texture": "#Drunken2_atlas1"},
				"south": {"uv": [6.375, 11.75, 6.5, 12.75], "texture": "#Drunken2_atlas1"},
				"west": {"uv": [1, 8.25, 1.5, 9.25], "texture": "#Drunken2_atlas1"},
				"up": {"uv": [8.75, 12.625, 8.875, 12.125], "texture": "#Drunken2_atlas1"},
				"down": {"uv": [8.75, 11.625, 8.875, 12.125], "texture": "#Drunken2_atlas1"}
			}
		},
		{
			"name": "Voxels",
			"from": [6, -2, 4],
			"to": [7, -1, 7],
			"shade": false,
			"faces": {
				"north": {"uv": [6, 12.375, 5.75, 12.625], "texture": "#Drunken2_atlas1"},
				"east": {"uv": [5.5, 15.25, 4.75, 15.5], "texture": "#Drunken2_atlas1"},
				"south": {"uv": [4.5, 10.25, 4.75, 10.5], "texture": "#Drunken2_atlas1"},
				"west": {"uv": [3.875, 8.125, 4.625, 8.375], "texture": "#Drunken2_atlas1"},
				"up": {"uv": [1.5, 10, 1.75, 9.25], "texture": "#Drunken2_atlas1"},
				"down": {"uv": [5.625, 13.125, 5.875, 13.875], "texture": "#Drunken2_atlas1"}
			}
		},
		{
			"name": "Voxels",
			"from": [6, -2, 7],
			"to": [7, -1.5, 10.5],
			"shade": false,
			"faces": {
				"north": {"uv": [12.375, 14.375, 12.125, 14.5], "texture": "#Drunken2_atlas1"},
				"east": {"uv": [14.75, 15.75, 13.875, 15.875], "texture": "#Drunken2_atlas1"},
				"south": {"uv": [11.875, 14.375, 12.125, 14.5], "texture": "#Drunken2_atlas1"},
				"west": {"uv": [14, 15.875, 14.875, 16], "texture": "#Drunken2_atlas1"},
				"up": {"uv": [4.125, 12.125, 4.375, 11.25], "texture": "#Drunken2_atlas1"},
				"down": {"uv": [3.625, 11.25, 3.875, 12.125], "texture": "#Drunken2_atlas1"}
			}
		},
		{
			"name": "Voxels",
			"from": [6, -2, 11.5],
			"to": [7, 1.5, 12],
			"shade": false,
			"faces": {
				"north": {"uv": [4.125, 11.25, 3.875, 12.125], "texture": "#Drunken2_atlas1"},
				"east": {"uv": [7.25, 9.75, 7.125, 10.625], "texture": "#Drunken2_atlas1"},
				"south": {"uv": [4.375, 11.25, 4.625, 12.125], "texture": "#Drunken2_atlas1"},
				"west": {"uv": [7.125, 8.875, 7.25, 9.75], "texture": "#Drunken2_atlas1"},
				"up": {"uv": [11.375, 14.5, 11.625, 14.375], "texture": "#Drunken2_atlas1"},
				"down": {"uv": [11.625, 14.375, 11.875, 14.5], "texture": "#Drunken2_atlas1"}
			}
		},
		{
			"name": "Voxels",
			"from": [6, -2, 17],
			"to": [10.5, -1, 17.5],
			"shade": false,
			"faces": {
				"north": {"uv": [4.75, 14.25, 3.625, 14.5], "texture": "#Drunken2_atlas1"},
				"east": {"uv": [9.375, 12, 9.25, 12.25], "texture": "#Drunken2_atlas1"},
				"south": {"uv": [3.625, 15, 4.75, 15.25], "texture": "#Drunken2_atlas1"},
				"west": {"uv": [9.25, 11.75, 9.375, 12], "texture": "#Drunken2_atlas1"},
				"up": {"uv": [4.75, 8.125, 5.875, 8], "texture": "#Drunken2_atlas1"},
				"down": {"uv": [4.75, 8.125, 5.875, 8.25], "texture": "#Drunken2_atlas1"}
			}
		},
		{
			"name": "Voxels",
			"from": [6, -2, 17.5],
			"to": [10.5, -1.5, 18],
			"shade": false,
			"faces": {
				"north": {"uv": [7.125, 15.5, 6, 15.625], "texture": "#Drunken2_atlas1"},
				"east": {"uv": [9.875, 10, 9.75, 10.125], "texture": "#Drunken2_atlas1"},
				"south": {"uv": [6, 15.375, 7.125, 15.5], "texture": "#Drunken2_atlas1"},
				"west": {"uv": [9.75, 9.875, 9.875, 10], "texture": "#Drunken2_atlas1"},
				"up": {"uv": [6, 15.75, 7.125, 15.625], "texture": "#Drunken2_atlas1"},
				"down": {"uv": [6, 15.75, 7.125, 15.875], "texture": "#Drunken2_atlas1"}
			}
		},
		{
			"name": "Voxels",
			"from": [6, -1.5, 0.5],
			"to": [7.5, 0.5, 1],
			"shade": false,
			"faces": {
				"north": {"uv": [4.25, 9.5, 3.875, 10], "texture": "#Drunken2_atlas1"},
				"east": {"uv": [8.875, 14.125, 8.75, 14.625], "texture": "#Drunken2_atlas1"},
				"south": {"uv": [4.25, 9.5, 4.625, 10], "texture": "#Drunken2_atlas1"},
				"west": {"uv": [8.75, 13.625, 8.875, 14.125], "texture": "#Drunken2_atlas1"},
				"up": {"uv": [11.375, 14.75, 11.75, 14.625], "texture": "#Drunken2_atlas1"},
				"down": {"uv": [11, 14.625, 11.375, 14.75], "texture": "#Drunken2_atlas1"}
			}
		},
		{
			"name": "Voxels",
			"from": [6, -1.5, 7],
			"to": [6.5, 1.5, 8.5],
			"shade": false,
			"faces": {
				"north": {"uv": [7.75, 11, 7.625, 11.75], "texture": "#Drunken2_atlas1"},
				"east": {"uv": [2.625, 11.75, 2.25, 12.5], "texture": "#Drunken2_atlas1"},
				"south": {"uv": [7.25, 10.25, 7.375, 11], "texture": "#Drunken2_atlas1"},
				"west": {"uv": [2.25, 13.75, 2.625, 14.5], "texture": "#Drunken2_atlas1"},
				"up": {"uv": [9.125, 14.625, 9.25, 14.25], "texture": "#Drunken2_atlas1"},
				"down": {"uv": [9, 8.125, 9.125, 8.5], "texture": "#Drunken2_atlas1"}
			}
		},
		{
			"name": "Voxels",
			"from": [6, -1.5, 8.5],
			"to": [6.5, 0, 10.5],
			"shade": false,
			"faces": {
				"north": {"uv": [9.25, 13.875, 9.125, 14.25], "texture": "#Drunken2_atlas1"},
				"east": {"uv": [5.25, 13.875, 4.75, 14.25], "texture": "#Drunken2_atlas1"},
				"south": {"uv": [9.125, 13.5, 9.25, 13.875], "texture": "#Drunken2_atlas1"},
				"west": {"uv": [5.125, 14.375, 5.625, 14.75], "texture": "#Drunken2_atlas1"},
				"up": {"uv": [7, 13.25, 7.125, 12.75], "texture": "#Drunken2_atlas1"},
				"down": {"uv": [8.75, 14.625, 8.875, 15.125], "texture": "#Drunken2_atlas1"}
			}
		},
		{
			"name": "Voxels",
			"from": [6, -1.5, 16.5],
			"to": [10.5, 0, 17],
			"shade": false,
			"faces": {
				"north": {"uv": [4.75, 15.625, 3.625, 16], "texture": "#Drunken2_atlas1"},
				"east": {"uv": [9.25, 12.75, 9.125, 13.125], "texture": "#Drunken2_atlas1"},
				"south": {"uv": [3.625, 15.25, 4.75, 15.625], "texture": "#Drunken2_atlas1"},
				"west": {"uv": [9.125, 13.125, 9.25, 13.5], "texture": "#Drunken2_atlas1"},
				"up": {"uv": [6, 15.375, 7.125, 15.25], "texture": "#Drunken2_atlas1"},
				"down": {"uv": [6, 15.125, 7.125, 15.25], "texture": "#Drunken2_atlas1"}
			}
		},
		{
			"name": "Voxels",
			"from": [6, -1, 3],
			"to": [6.5, 2, 5],
			"shade": false,
			"faces": {
				"north": {"uv": [7.375, 8, 7.25, 8.75], "texture": "#Drunken2_atlas1"},
				"east": {"uv": [1.75, 10.125, 1.25, 10.875], "texture": "#Drunken2_atlas1"},
				"south": {"uv": [7.375, 8, 7.5, 8.75], "texture": "#Drunken2_atlas1"},
				"west": {"uv": [1.25, 11, 1.75, 11.75], "texture": "#Drunken2_atlas1"},
				"up": {"uv": [3.625, 8.5, 3.75, 8], "texture": "#Drunken2_atlas1"},
				"down": {"uv": [4.625, 9.5, 4.75, 10], "texture": "#Drunken2_atlas1"}
			}
		},
		{
			"name": "Voxels",
			"from": [6, -1, 5],
			"to": [6.5, 1.5, 7],
			"shade": false,
			"faces": {
				"north": {"uv": [7.625, 8.125, 7.5, 8.75], "texture": "#Drunken2_atlas1"},
				"east": {"uv": [3.125, 11.125, 2.625, 11.75], "texture": "#Drunken2_atlas1"},
				"south": {"uv": [7.625, 8.125, 7.75, 8.75], "texture": "#Drunken2_atlas1"},
				"west": {"uv": [3.125, 11.75, 3.625, 12.375], "texture": "#Drunken2_atlas1"},
				"up": {"uv": [2.5, 11.75, 2.625, 11.25], "texture": "#Drunken2_atlas1"},
				"down": {"uv": [2.5, 10, 2.625, 10.5], "texture": "#Drunken2_atlas1"}
			}
		},
		{
			"name": "Voxels",
			"from": [6, -1, 10.5],
			"to": [7, 1.5, 11],
			"shade": false,
			"faces": {
				"north": {"uv": [5.5, 10, 5.25, 10.625], "texture": "#Drunken2_atlas1"},
				"east": {"uv": [8.75, 14.125, 8.625, 14.75], "texture": "#Drunken2_atlas1"},
				"south": {"uv": [4.75, 10.875, 5, 11.5], "texture": "#Drunken2_atlas1"},
				"west": {"uv": [8.625, 14.75, 8.75, 15.375], "texture": "#Drunken2_atlas1"},
				"up": {"uv": [9.625, 14.5, 9.875, 14.375], "texture": "#Drunken2_atlas1"},
				"down": {"uv": [9.875, 14.375, 10.125, 14.5], "texture": "#Drunken2_atlas1"}
			}
		},
		{
			"name": "Voxels",
			"from": [6, 0, 9.5],
			"to": [6.5, 0.5, 10.5],
			"shade": false,
			"faces": {
				"north": {"uv": [15.375, 14, 15.25, 14.125], "texture": "#Drunken2_atlas1"},
				"east": {"uv": [13.5, 14.5, 13.25, 14.625], "texture": "#Drunken2_atlas1"},
				"south": {"uv": [9.75, 11.625, 9.875, 11.75], "texture": "#Drunken2_atlas1"},
				"west": {"uv": [13.5, 14.5, 13.75, 14.625], "texture": "#Drunken2_atlas1"},
				"up": {"uv": [9.25, 14.25, 9.375, 14], "texture": "#Drunken2_atlas1"},
				"down": {"uv": [9.25, 11.5, 9.375, 11.75], "texture": "#Drunken2_atlas1"}
			}
		},
		{
			"name": "Voxels",
			"from": [6, 0.5, 0.5],
			"to": [7, 2, 1],
			"shade": false,
			"faces": {
				"north": {"uv": [7.75, 13.5, 7.5, 13.875], "texture": "#Drunken2_atlas1"},
				"east": {"uv": [9.25, 12, 9.125, 12.375], "texture": "#Drunken2_atlas1"},
				"south": {"uv": [7.25, 13.5, 7.5, 13.875], "texture": "#Drunken2_atlas1"},
				"west": {"uv": [9.125, 12.375, 9.25, 12.75], "texture": "#Drunken2_atlas1"},
				"up": {"uv": [12.75, 14.625, 13, 14.5], "texture": "#Drunken2_atlas1"},
				"down": {"uv": [13, 14.5, 13.25, 14.625], "texture": "#Drunken2_atlas1"}
			}
		},
		{
			"name": "Voxels",
			"from": [6, 0.5, 10],
			"to": [6.5, 1.5, 10.5],
			"shade": false,
			"faces": {
				"north": {"uv": [9.25, 8.125, 9.125, 8.375], "texture": "#Drunken2_atlas1"},
				"east": {"uv": [7.75, 11.75, 7.625, 12], "texture": "#Drunken2_atlas1"},
				"south": {"uv": [9.125, 8.375, 9.25, 8.625], "texture": "#Drunken2_atlas1"},
				"west": {"uv": [8.5, 8.625, 8.625, 8.875], "texture": "#Drunken2_atlas1"},
				"up": {"uv": [14.375, 14.125, 14.5, 14], "texture": "#Drunken2_atlas1"},
				"down": {"uv": [15.375, 14, 15.5, 14.125], "texture": "#Drunken2_atlas1"}
			}
		},
		{
			"name": "Voxels",
			"from": [6.5, -7, 0],
			"to": [10.5, -6.5, 0.5],
			"shade": false,
			"faces": {
				"north": {"uv": [7, 9, 6, 9.125], "texture": "#Drunken2_atlas1"},
				"east": {"uv": [9.875, 12.125, 9.75, 12.25], "texture": "#Drunken2_atlas1"},
				"south": {"uv": [6, 8.875, 7, 9], "texture": "#Drunken2_atlas1"},
				"west": {"uv": [9.75, 9.5, 9.875, 9.625], "texture": "#Drunken2_atlas1"},
				"up": {"uv": [6, 9.25, 7, 9.125], "texture": "#Drunken2_atlas1"},
				"down": {"uv": [6, 9.25, 7, 9.375], "texture": "#Drunken2_atlas1"}
			}
		},
		{
			"name": "Voxels",
			"from": [6.5, -7, 1.5],
			"to": [10.5, -2, 2],
			"shade": false,
			"faces": {
				"north": {"uv": [1, 13, 0, 14.25], "texture": "#Drunken2_atlas1"},
				"east": {"uv": [5, 9.375, 4.875, 10.625], "texture": "#Drunken2_atlas1"},
				"south": {"uv": [0, 11.75, 1, 13], "texture": "#Drunken2_atlas1"},
				"west": {"uv": [4.75, 9.375, 4.875, 10.625], "texture": "#Drunken2_atlas1"},
				"up": {"uv": [6, 14, 7, 13.875], "texture": "#Drunken2_atlas1"},
				"down": {"uv": [6, 14.375, 7, 14.5], "texture": "#Drunken2_atlas1"}
			}
		},
		{
			"name": "Voxels",
			"from": [6.5, -4.5, 4.5],
			"to": [8, -2, 5],
			"shade": false,
			"faces": {
				"north": {"uv": [4.375, 12.375, 4, 13], "texture": "#Drunken2_atlas1"},
				"east": {"uv": [8.75, 12.875, 8.625, 13.5], "texture": "#Drunken2_atlas1"},
				"south": {"uv": [4.375, 13.625, 4.75, 14.25], "texture": "#Drunken2_atlas1"},
				"west": {"uv": [8.625, 13.5, 8.75, 14.125], "texture": "#Drunken2_atlas1"},
				"up": {"uv": [12.125, 14.75, 12.5, 14.625], "texture": "#Drunken2_atlas1"},
				"down": {"uv": [11.75, 14.625, 12.125, 14.75], "texture": "#Drunken2_atlas1"}
			}
		},
		{
			"name": "Voxels",
			"from": [6.5, -4.5, 5],
			"to": [8, -3, 5.5],
			"shade": false,
			"faces": {
				"north": {"uv": [6, 12, 5.625, 12.375], "texture": "#Drunken2_atlas1"},
				"east": {"uv": [9.25, 9.75, 9.125, 10.125], "texture": "#Drunken2_atlas1"},
				"south": {"uv": [5.5, 10.25, 5.875, 10.625], "texture": "#Drunken2_atlas1"},
				"west": {"uv": [9.125, 10.125, 9.25, 10.5], "texture": "#Drunken2_atlas1"},
				"up": {"uv": [13.625, 14.75, 14, 14.625], "texture": "#Drunken2_atlas1"},
				"down": {"uv": [13.25, 14.625, 13.625, 14.75], "texture": "#Drunken2_atlas1"}
			}
		},
		{
			"name": "Voxels",
			"from": [6.5, -4.5, 9],
			"to": [8, -4, 10],
			"shade": false,
			"faces": {
				"north": {"uv": [14.375, 14.625, 14, 14.75], "texture": "#Drunken2_atlas1"},
				"east": {"uv": [10, 14.5, 9.75, 14.625], "texture": "#Drunken2_atlas1"},
				"south": {"uv": [14.375, 14.625, 14.75, 14.75], "texture": "#Drunken2_atlas1"},
				"west": {"uv": [10, 14.5, 10.25, 14.625], "texture": "#Drunken2_atlas1"},
				"up": {"uv": [7.75, 8.875, 8.125, 8.625], "texture": "#Drunken2_atlas1"},
				"down": {"uv": [8.125, 8.625, 8.5, 8.875], "texture": "#Drunken2_atlas1"}
			}
		},
		{
			"name": "Voxels",
			"from": [6.5, -4, 8.5],
			"to": [8, -3, 9],
			"shade": false,
			"faces": {
				"north": {"uv": [7.75, 10.5, 7.375, 10.75], "texture": "#Drunken2_atlas1"},
				"east": {"uv": [6, 14.75, 5.875, 15], "texture": "#Drunken2_atlas1"},
				"south": {"uv": [7.375, 10.75, 7.75, 11], "texture": "#Drunken2_atlas1"},
				"west": {"uv": [7, 14.5, 7.125, 14.75], "texture": "#Drunken2_atlas1"},
				"up": {"uv": [15.125, 14.75, 15.5, 14.625], "texture": "#Drunken2_atlas1"},
				"down": {"uv": [14.75, 14.625, 15.125, 14.75], "texture": "#Drunken2_atlas1"}
			}
		},
		{
			"name": "Voxels",
			"from": [6.5, -4, 9],
			"to": [7, -3, 9.5],
			"shade": false,
			"faces": {
				"north": {"uv": [9.875, 13.375, 9.75, 13.625], "texture": "#Drunken2_atlas1"},
				"east": {"uv": [9.75, 8.625, 9.625, 8.875], "texture": "#Drunken2_atlas1"},
				"south": {"uv": [9.75, 13.625, 9.875, 13.875], "texture": "#Drunken2_atlas1"},
				"west": {"uv": [9.75, 13.875, 9.875, 14.125], "texture": "#Drunken2_atlas1"},
				"up": {"uv": [14.5, 14.25, 14.625, 14.125], "texture": "#Drunken2_atlas1"},
				"down": {"uv": [9.75, 12.375, 9.875, 12.5], "texture": "#Drunken2_atlas1"}
			}
		},
		{
			"name": "Voxels",
			"from": [6.5, -3.5, 8],
			"to": [8, -2, 8.5],
			"shade": false,
			"faces": {
				"north": {"uv": [4.75, 13.25, 4.375, 13.625], "texture": "#Drunken2_atlas1"},
				"east": {"uv": [1.75, 11.75, 1.625, 12.125], "texture": "#Drunken2_atlas1"},
				"south": {"uv": [4.375, 8.375, 4.75, 8.75], "texture": "#Drunken2_atlas1"},
				"west": {"uv": [1.625, 13, 1.75, 13.375], "texture": "#Drunken2_atlas1"},
				"up": {"uv": [2.25, 9.375, 2.625, 9.25], "texture": "#Drunken2_atlas1"},
				"down": {"uv": [2.25, 10.5, 2.625, 10.625], "texture": "#Drunken2_atlas1"}
			}
		},
		{
			"name": "Voxels",
			"from": [6.5, -3, 0],
			"to": [10.5, -2.5, 1.5],
			"shade": false,
			"faces": {
				"north": {"uv": [7, 14.75, 6, 14.875], "texture": "#Drunken2_atlas1"},
				"east": {"uv": [7.125, 10.375, 6.75, 10.5], "texture": "#Drunken2_atlas1"},
				"south": {"uv": [6, 14.875, 7, 15], "texture": "#Drunken2_atlas1"},
				"west": {"uv": [5.625, 11.875, 6, 12], "texture": "#Drunken2_atlas1"},
				"up": {"uv": [2.625, 14.25, 3.625, 13.875], "texture": "#Drunken2_atlas1"},
				"down": {"uv": [2.625, 12.75, 3.625, 13.125], "texture": "#Drunken2_atlas1"}
			}
		},
		{
			"name": "Voxels",
			"from": [6.5, -3, 7],
			"to": [8, -2, 8],
			"shade": false,
			"faces": {
				"north": {"uv": [7.625, 12.5, 7.25, 12.75], "texture": "#Drunken2_atlas1"},
				"east": {"uv": [4.75, 12.125, 4.5, 12.375], "texture": "#Drunken2_atlas1"},
				"south": {"uv": [7.25, 11.75, 7.625, 12], "texture": "#Drunken2_atlas1"},
				"west": {"uv": [4.5, 11, 4.75, 11.25], "texture": "#Drunken2_atlas1"},
				"up": {"uv": [7.25, 13, 7.625, 12.75], "texture": "#Drunken2_atlas1"},
				"down": {"uv": [7.25, 13, 7.625, 13.25], "texture": "#Drunken2_atlas1"}
			}
		},
		{
			"name": "Voxels",
			"from": [6.5, -3, 8.5],
			"to": [7, -2, 9],
			"shade": false,
			"faces": {
				"north": {"uv": [9.75, 9.375, 9.625, 9.625], "texture": "#Drunken2_atlas1"},
				"east": {"uv": [9.75, 10.625, 9.625, 10.875], "texture": "#Drunken2_atlas1"},
				"south": {"uv": [9.625, 10.125, 9.75, 10.375], "texture": "#Drunken2_atlas1"},
				"west": {"uv": [9.625, 10.375, 9.75, 10.625], "texture": "#Drunken2_atlas1"},
				"up": {"uv": [14.25, 14.25, 14.375, 14.125], "texture": "#Drunken2_atlas1"},
				"down": {"uv": [14.375, 14.125, 14.5, 14.25], "texture": "#Drunken2_atlas1"}
			}
		},
		{
			"name": "Voxels",
			"from": [6.5, -2.5, 0.5],
			"to": [10.5, -2, 1.5],
			"shade": false,
			"faces": {
				"north": {"uv": [7, 9.5, 6, 9.625], "texture": "#Drunken2_atlas1"},
				"east": {"uv": [14.5, 14.25, 14.25, 14.375], "texture": "#Drunken2_atlas1"},
				"south": {"uv": [6, 9.75, 7, 9.875], "texture": "#Drunken2_atlas1"},
				"west": {"uv": [15, 14.25, 15.25, 14.375], "texture": "#Drunken2_atlas1"},
				"up": {"uv": [2.625, 8.375, 3.625, 8.125], "texture": "#Drunken2_atlas1"},
				"down": {"uv": [2.625, 9.125, 3.625, 9.375], "texture": "#Drunken2_atlas1"}
			}
		},
		{
			"name": "Voxels",
			"from": [6.5, -2.5, 2],
			"to": [10.5, -2, 4.5],
			"shade": false,
			"faces": {
				"north": {"uv": [7, 8.375, 6, 8.5], "texture": "#Drunken2_atlas1"},
				"east": {"uv": [14.375, 15.25, 13.75, 15.375], "texture": "#Drunken2_atlas1"},
				"south": {"uv": [6, 8.25, 7, 8.375], "texture": "#Drunken2_atlas1"},
				"west": {"uv": [15, 15.25, 15.625, 15.375], "texture": "#Drunken2_atlas1"},
				"up": {"uv": [2.625, 16, 3.625, 15.375], "texture": "#Drunken2_atlas1"},
				"down": {"uv": [2.625, 14.75, 3.625, 15.375], "texture": "#Drunken2_atlas1"}
			}
		},
		{
			"name": "Voxels",
			"from": [6.5, -2.5, 5],
			"to": [10.5, -2, 7],
			"shade": false,
			"faces": {
				"north": {"uv": [7, 9.625, 6, 9.75], "texture": "#Drunken2_atlas1"},
				"east": {"uv": [12.375, 15, 11.875, 15.125], "texture": "#Drunken2_atlas1"},
				"south": {"uv": [6, 8.75, 7, 8.875], "texture": "#Drunken2_atlas1"},
				"west": {"uv": [11.375, 15, 11.875, 15.125], "texture": "#Drunken2_atlas1"},
				"up": {"uv": [2.625, 14.75, 3.625, 14.25], "texture": "#Drunken2_atlas1"},
				"down": {"uv": [0, 8, 1, 8.5], "texture": "#Drunken2_atlas1"}
			}
		},
		{
			"name": "Voxels",
			"from": [6.5, -2.5, 9],
			"to": [10.5, -2, 10.5],
			"shade": false,
			"faces": {
				"north": {"uv": [7, 13.5, 6, 13.625], "texture": "#Drunken2_atlas1"},
				"east": {"uv": [16, 15.625, 15.625, 15.75], "texture": "#Drunken2_atlas1"},
				"south": {"uv": [7.75, 15.875, 8.75, 16], "texture": "#Drunken2_atlas1"},
				"west": {"uv": [15.625, 15.75, 16, 15.875], "texture": "#Drunken2_atlas1"},
				"up": {"uv": [2.625, 13.5, 3.625, 13.125], "texture": "#Drunken2_atlas1"},
				"down": {"uv": [2.625, 13.5, 3.625, 13.875], "texture": "#Drunken2_atlas1"}
			}
		},
		{
			"name": "Voxels",
			"from": [6.5, -2.5, 10.5],
			"to": [10, -2, 12],
			"shade": false,
			"faces": {
				"north": {"uv": [12.125, 15.5, 11.25, 15.625], "texture": "#Drunken2_atlas1"},
				"east": {"uv": [16, 15.375, 15.625, 15.5], "texture": "#Drunken2_atlas1"},
				"south": {"uv": [12.125, 15.375, 13, 15.5], "texture": "#Drunken2_atlas1"},
				"west": {"uv": [15.625, 15.5, 16, 15.625], "texture": "#Drunken2_atlas1"},
				"up": {"uv": [2.625, 12.75, 3.5, 12.375], "texture": "#Drunken2_atlas1"},
				"down": {"uv": [1.75, 8.125, 2.625, 8.5], "texture": "#Drunken2_atlas1"}
			}
		},
		{
			"name": "Voxels",
			"from": [6.5, -2.5, 17.5],
			"to": [10.5, -2, 18],
			"shade": false,
			"faces": {
				"north": {"uv": [7, 10.125, 6, 10.25], "texture": "#Drunken2_atlas1"},
				"east": {"uv": [13.625, 14.125, 13.5, 14.25], "texture": "#Drunken2_atlas1"},
				"south": {"uv": [6, 13.625, 7, 13.75], "texture": "#Drunken2_atlas1"},
				"west": {"uv": [13.625, 14.125, 13.75, 14.25], "texture": "#Drunken2_atlas1"},
				"up": {"uv": [6, 8.75, 7, 8.625], "texture": "#Drunken2_atlas1"},
				"down": {"uv": [6, 8.5, 7, 8.625], "texture": "#Drunken2_atlas1"}
			}
		},
		{
			"name": "Voxels",
			"from": [6.5, -2, 0],
			"to": [9, -1.5, 0.5],
			"shade": false,
			"faces": {
				"north": {"uv": [11.25, 15.25, 10.625, 15.375], "texture": "#Drunken2_atlas1"},
				"east": {"uv": [13.375, 14.125, 13.25, 14.25], "texture": "#Drunken2_atlas1"},
				"south": {"uv": [11.25, 15.25, 11.875, 15.375], "texture": "#Drunken2_atlas1"},
				"west": {"uv": [13.375, 14.125, 13.5, 14.25], "texture": "#Drunken2_atlas1"},
				"up": {"uv": [10, 15.375, 10.625, 15.25], "texture": "#Drunken2_atlas1"},
				"down": {"uv": [13.125, 15.125, 13.75, 15.25], "texture": "#Drunken2_atlas1"}
			}
		},
		{
			"name": "Voxels",
			"from": [6.5, -2, 2],
			"to": [7, -1.5, 3],
			"shade": false,
			"faces": {
				"north": {"uv": [9.25, 8, 9.125, 8.125], "texture": "#Drunken2_atlas1"},
				"east": {"uv": [11, 14.25, 10.75, 14.375], "texture": "#Drunken2_atlas1"},
				"south": {"uv": [9, 10.75, 9.125, 10.875], "texture": "#Drunken2_atlas1"},
				"west": {"uv": [11, 14.25, 11.25, 14.375], "texture": "#Drunken2_atlas1"},
				"up": {"uv": [9.625, 12.875, 9.75, 12.625], "texture": "#Drunken2_atlas1"},
				"down": {"uv": [9.625, 11.375, 9.75, 11.625], "texture": "#Drunken2_atlas1"}
			}
		},
		{
			"name": "Voxels",
			"from": [6.5, -2, 10.5],
			"to": [7, -1, 11.5],
			"shade": false,
			"faces": {
				"north": {"uv": [9.75, 13.375, 9.625, 13.625], "texture": "#Drunken2_atlas1"},
				"east": {"uv": [9.125, 13, 8.875, 13.25], "texture": "#Drunken2_atlas1"},
				"south": {"uv": [9.625, 13.625, 9.75, 13.875], "texture": "#Drunken2_atlas1"},
				"west": {"uv": [8.875, 12.25, 9.125, 12.5], "texture": "#Drunken2_atlas1"},
				"up": {"uv": [9.625, 13.375, 9.75, 13.125], "texture": "#Drunken2_atlas1"},
				"down": {"uv": [9.625, 12.875, 9.75, 13.125], "texture": "#Drunken2_atlas1"}
			}
		},
		{
			"name": "Voxels",
			"from": [6.5, -2, 12],
			"to": [10.5, 1, 12.5],
			"shade": false,
			"faces": {
				"north": {"uv": [1, 8.5, 0, 9.25], "texture": "#Drunken2_atlas1"},
				"east": {"uv": [7.625, 11, 7.5, 11.75], "texture": "#Drunken2_atlas1"},
				"south": {"uv": [0, 9.25, 1, 10], "texture": "#Drunken2_atlas1"},
				"west": {"uv": [7.375, 11, 7.5, 11.75], "texture": "#Drunken2_atlas1"},
				"up": {"uv": [6, 8.125, 7, 8], "texture": "#Drunken2_atlas1"},
				"down": {"uv": [6, 8.125, 7, 8.25], "texture": "#Drunken2_atlas1"}
			}
		},
		{
			"name": "Voxels",
			"from": [6.5, -2, 16],
			"to": [10, 1, 16.5],
			"shade": false,
			"faces": {
				"north": {"uv": [2.625, 15.25, 1.75, 16], "texture": "#Drunken2_atlas1"},
				"east": {"uv": [7.5, 9.5, 7.375, 10.25], "texture": "#Drunken2_atlas1"},
				"south": {"uv": [1.75, 14.5, 2.625, 15.25], "texture": "#Drunken2_atlas1"},
				"west": {"uv": [7.25, 9.5, 7.375, 10.25], "texture": "#Drunken2_atlas1"},
				"up": {"uv": [7.75, 15.75, 8.625, 15.625], "texture": "#Drunken2_atlas1"},
				"down": {"uv": [12.125, 15.75, 13, 15.875], "texture": "#Drunken2_atlas1"}
			}
		},
		{
			"name": "Voxels",
			"from": [6.5, -2, 16.5],
			"to": [10, -1.5, 17],
			"shade": false,
			"faces": {
				"north": {"uv": [8.625, 14.625, 7.75, 14.75], "texture": "#Drunken2_atlas1"},
				"east": {"uv": [8.75, 8, 8.625, 8.125], "texture": "#Drunken2_atlas1"},
				"south": {"uv": [11.25, 15.75, 12.125, 15.875], "texture": "#Drunken2_atlas1"},
				"west": {"uv": [8.75, 8, 8.875, 8.125], "texture": "#Drunken2_atlas1"},
				"up": {"uv": [7.75, 14.875, 8.625, 14.75], "texture": "#Drunken2_atlas1"},
				"down": {"uv": [7.75, 15, 8.625, 15.125], "texture": "#Drunken2_atlas1"}
			}
		},
		{
			"name": "Voxels",
			"from": [6.5, -1.5, 0],
			"to": [7, 2, 0.5],
			"shade": false,
			"faces": {
				"north": {"uv": [1.75, 13.375, 1.625, 14.25], "texture": "#Drunken2_atlas1"},
				"east": {"uv": [7.25, 10.625, 7.125, 11.5], "texture": "#Drunken2_atlas1"},
				"south": {"uv": [1.625, 12.125, 1.75, 13], "texture": "#Drunken2_atlas1"},
				"west": {"uv": [7.125, 13.25, 7.25, 14.125], "texture": "#Drunken2_atlas1"},
				"up": {"uv": [8.5, 9.125, 8.625, 9], "texture": "#Drunken2_atlas1"},
				"down": {"uv": [8.5, 8.875, 8.625, 9], "texture": "#Drunken2_atlas1"}
			}
		},
		{
			"name": "Voxels",
			"from": [6.5, -1.5, 1],
			"to": [11, -0.5, 1.5],
			"shade": false,
			"faces": {
				"north": {"uv": [4.75, 14.5, 3.625, 14.75], "texture": "#Drunken2_atlas1"},
				"east": {"uv": [9.5, 8.25, 9.375, 8.5], "texture": "#Drunken2_atlas1"},
				"south": {"uv": [3.625, 14.75, 4.75, 15], "texture": "#Drunken2_atlas1"},
				"west": {"uv": [9.5, 8.25, 9.625, 8.5], "texture": "#Drunken2_atlas1"},
				"up": {"uv": [4.75, 8.625, 5.875, 8.5], "texture": "#Drunken2_atlas1"},
				"down": {"uv": [4.75, 8.625, 5.875, 8.75], "texture": "#Drunken2_atlas1"}
			}
		},
		{
			"name": "Voxels",
			"from": [6.5, -1.5, 10],
			"to": [7, -0.5, 10.5],
			"shade": false,
			"faces": {
				"north": {"uv": [9.625, 10.5, 9.5, 10.75], "texture": "#Drunken2_atlas1"},
				"east": {"uv": [9.5, 11, 9.375, 11.25], "texture": "#Drunken2_atlas1"},
				"south": {"uv": [9.375, 10.5, 9.5, 10.75], "texture": "#Drunken2_atlas1"},
				"west": {"uv": [9.5, 11, 9.625, 11.25], "texture": "#Drunken2_atlas1"},
				"up": {"uv": [8.5, 10, 8.625, 9.875], "texture": "#Drunken2_atlas1"},
				"down": {"uv": [8.5, 9.125, 8.625, 9.25], "texture": "#Drunken2_atlas1"}
			}
		},
		{
			"name": "Voxels",
			"from": [6.5, -1.5, 12.5],
			"to": [10, -0.5, 13],
			"shade": false,
			"faces": {
				"north": {"uv": [4.5, 10.25, 3.625, 10.5], "texture": "#Drunken2_atlas1"},
				"east": {"uv": [9.5, 11.25, 9.375, 11.5], "texture": "#Drunken2_atlas1"},
				"south": {"uv": [3.625, 10.5, 4.5, 10.75], "texture": "#Drunken2_atlas1"},
				"west": {"uv": [9.5, 11.25, 9.625, 11.5], "texture": "#Drunken2_atlas1"},
				"up": {"uv": [10.375, 15.875, 11.25, 15.75], "texture": "#Drunken2_atlas1"},
				"down": {"uv": [14.75, 15.75, 15.625, 15.875], "texture": "#Drunken2_atlas1"}
			}
		},
		{
			"name": "Voxels",
			"from": [6.5, -1, 11],
			"to": [7, 2, 11.5],
			"shade": false,
			"faces": {
				"north": {"uv": [4.75, 8.75, 4.625, 9.5], "texture": "#Drunken2_atlas1"},
				"east": {"uv": [7.25, 8.125, 7.125, 8.875], "texture": "#Drunken2_atlas1"},
				"south": {"uv": [5.875, 13.125, 6, 13.875], "texture": "#Drunken2_atlas1"},
				"west": {"uv": [7.25, 11, 7.375, 11.75], "texture": "#Drunken2_atlas1"},
				"up": {"uv": [8.5, 10.75, 8.625, 10.625], "texture": "#Drunken2_atlas1"},
				"down": {"uv": [8.5, 10.25, 8.625, 10.375], "texture": "#Drunken2_atlas1"}
			}
		},
		{
			"name": "Voxels",
			"from": [6.5, -1, 17],
			"to": [10.5, -0.5, 17.5],
			"shade": false,
			"faces": {
				"north": {"uv": [7, 9.375, 6, 9.5], "texture": "#Drunken2_atlas1"},
				"east": {"uv": [8.625, 10.875, 8.5, 11], "texture": "#Drunken2_atlas1"},
				"south": {"uv": [6, 11.5, 7, 11.625], "texture": "#Drunken2_atlas1"},
				"west": {"uv": [8.5, 10.75, 8.625, 10.875], "texture": "#Drunken2_atlas1"},
				"up": {"uv": [6, 11, 7, 10.875], "texture": "#Drunken2_atlas1"},
				"down": {"uv": [6, 10.25, 7, 10.375], "texture": "#Drunken2_atlas1"}
			}
		},
		{
			"name": "Voxels",
			"from": [6.5, -0.5, 3],
			"to": [8.5, 2, 4],
			"shade": false,
			"faces": {
				"north": {"uv": [3.625, 9.875, 3.125, 10.5], "texture": "#Drunken2_atlas1"},
				"east": {"uv": [5.25, 10.875, 5, 11.5], "texture": "#Drunken2_atlas1"},
				"south": {"uv": [2.625, 9.875, 3.125, 10.5], "texture": "#Drunken2_atlas1"},
				"west": {"uv": [5, 10, 5.25, 10.625], "texture": "#Drunken2_atlas1"},
				"up": {"uv": [7.25, 16, 7.75, 15.75], "texture": "#Drunken2_atlas1"},
				"down": {"uv": [7.25, 15.5, 7.75, 15.75], "texture": "#Drunken2_atlas1"}
			}
		},
		{
			"name": "Voxels",
			"from": [6.5, -0.5, 4],
			"to": [8, 2, 6],
			"shade": false,
			"faces": {
				"north": {"uv": [4, 12.375, 3.625, 13], "texture": "#Drunken2_atlas1"},
				"east": {"uv": [3.625, 11.125, 3.125, 11.75], "texture": "#Drunken2_atlas1"},
				"south": {"uv": [2.25, 10.625, 2.625, 11.25], "texture": "#Drunken2_atlas1"},
				"west": {"uv": [2.625, 11.75, 3.125, 12.375], "texture": "#Drunken2_atlas1"},
				"up": {"uv": [5.625, 14.75, 6, 14.25], "texture": "#Drunken2_atlas1"},
				"down": {"uv": [5, 13.375, 5.375, 13.875], "texture": "#Drunken2_atlas1"}
			}
		},
		{
			"name": "Voxels",
			"from": [6.5, -0.5, 6],
			"to": [8, 0, 6.5],
			"shade": false,
			"faces": {
				"north": {"uv": [15.875, 14.875, 15.5, 15], "texture": "#Drunken2_atlas1"},
				"east": {"uv": [8.625, 11.125, 8.5, 11.25], "texture": "#Drunken2_atlas1"},
				"south": {"uv": [9.125, 14.75, 9.5, 14.875], "texture": "#Drunken2_atlas1"},
				"west": {"uv": [8.5, 11, 8.625, 11.125], "texture": "#Drunken2_atlas1"},
				"up": {"uv": [15.125, 15, 15.5, 14.875], "texture": "#Drunken2_atlas1"},
				"down": {"uv": [15.625, 15.25, 16, 15.375], "texture": "#Drunken2_atlas1"}
			}
		},
		{
			"name": "Voxels",
			"from": [6.5, -0.5, 8.5],
			"to": [7, 0, 9.5],
			"shade": false,
			"faces": {
				"north": {"uv": [8.625, 11.25, 8.5, 11.375], "texture": "#Drunken2_atlas1"},
				"east": {"uv": [9.625, 13.625, 9.375, 13.75], "texture": "#Drunken2_atlas1"},
				"south": {"uv": [8.5, 11.375, 8.625, 11.5], "texture": "#Drunken2_atlas1"},
				"west": {"uv": [15.75, 14.5, 16, 14.625], "texture": "#Drunken2_atlas1"},
				"up": {"uv": [9.25, 8.5, 9.375, 8.25], "texture": "#Drunken2_atlas1"},
				"down": {"uv": [9.25, 8, 9.375, 8.25], "texture": "#Drunken2_atlas1"}
			}
		},
		{
			"name": "Voxels",
			"from": [6.5, 0, 1],
			"to": [8, 2, 1.5],
			"shade": false,
			"faces": {
				"north": {"uv": [5.125, 14.25, 4.75, 14.75], "texture": "#Drunken2_atlas1"},
				"east": {"uv": [8.75, 8.125, 8.625, 8.625], "texture": "#Drunken2_atlas1"},
				"south": {"uv": [4.75, 14.75, 5.125, 15.25], "texture": "#Drunken2_atlas1"},
				"west": {"uv": [8.625, 8.625, 8.75, 9.125], "texture": "#Drunken2_atlas1"},
				"up": {"uv": [9.875, 14.875, 10.25, 14.75], "texture": "#Drunken2_atlas1"},
				"down": {"uv": [9.5, 14.75, 9.875, 14.875], "texture": "#Drunken2_atlas1"}
			}
		},
		{
			"name": "Voxels",
			"from": [6.5, 0, 6],
			"to": [7.5, 2, 6.5],
			"shade": false,
			"faces": {
				"north": {"uv": [6.5, 10.375, 6.25, 10.875], "texture": "#Drunken2_atlas1"},
				"east": {"uv": [8.875, 12.625, 8.75, 13.125], "texture": "#Drunken2_atlas1"},
				"south": {"uv": [6.625, 12, 6.875, 12.5], "texture": "#Drunken2_atlas1"},
				"west": {"uv": [8.75, 13.125, 8.875, 13.625], "texture": "#Drunken2_atlas1"},
				"up": {"uv": [9.375, 14, 9.625, 13.875], "texture": "#Drunken2_atlas1"},
				"down": {"uv": [9.375, 13.75, 9.625, 13.875], "texture": "#Drunken2_atlas1"}
			}
		},
		{
			"name": "Voxels",
			"from": [6.5, 0, 12.5],
			"to": [7.5, 1, 13],
			"shade": false,
			"faces": {
				"north": {"uv": [4.75, 10.75, 4.5, 11], "texture": "#Drunken2_atlas1"},
				"east": {"uv": [9.375, 10.25, 9.25, 10.5], "texture": "#Drunken2_atlas1"},
				"south": {"uv": [4.5, 10.5, 4.75, 10.75], "texture": "#Drunken2_atlas1"},
				"west": {"uv": [9.25, 10, 9.375, 10.25], "texture": "#Drunken2_atlas1"},
				"up": {"uv": [14.125, 14.5, 14.375, 14.375], "texture": "#Drunken2_atlas1"},
				"down": {"uv": [9.375, 14, 9.625, 14.125], "texture": "#Drunken2_atlas1"}
			}
		},
		{
			"name": "Voxels",
			"from": [6.5, 0, 16.5],
			"to": [10.5, 0.5, 17],
			"shade": false,
			"faces": {
				"north": {"uv": [7, 11.375, 6, 11.5], "texture": "#Drunken2_atlas1"},
				"east": {"uv": [8.625, 13, 8.5, 13.125], "texture": "#Drunken2_atlas1"},
				"south": {"uv": [2.625, 8, 3.625, 8.125], "texture": "#Drunken2_atlas1"},
				"west": {"uv": [8.5, 12.875, 8.625, 13], "texture": "#Drunken2_atlas1"},
				"up": {"uv": [6, 11.375, 7, 11.25], "texture": "#Drunken2_atlas1"},
				"down": {"uv": [6, 11.125, 7, 11.25], "texture": "#Drunken2_atlas1"}
			}
		},
		{
			"name": "Voxels",
			"from": [6.5, 0, 17],
			"to": [10, 0.5, 17.5],
			"shade": false,
			"faces": {
				"north": {"uv": [13.875, 15.5, 13, 15.625], "texture": "#Drunken2_atlas1"},
				"east": {"uv": [7.125, 8.5, 7, 8.625], "texture": "#Drunken2_atlas1"},
				"south": {"uv": [10.5, 15.875, 11.375, 16], "texture": "#Drunken2_atlas1"},
				"west": {"uv": [8.5, 13.125, 8.625, 13.25], "texture": "#Drunken2_atlas1"},
				"up": {"uv": [11.375, 16, 12.25, 15.875], "texture": "#Drunken2_atlas1"},
				"down": {"uv": [12.25, 15.875, 13.125, 16], "texture": "#Drunken2_atlas1"}
			}
		},
		{
			"name": "Voxels",
			"from": [6.5, 0.5, 16.5],
			"to": [10, 1.5, 17],
			"shade": false,
			"faces": {
				"north": {"uv": [4.5, 12.125, 3.625, 12.375], "texture": "#Drunken2_atlas1"},
				"east": {"uv": [9.375, 12.5, 9.25, 12.75], "texture": "#Drunken2_atlas1"},
				"south": {"uv": [3.75, 10, 4.625, 10.25], "texture": "#Drunken2_atlas1"},
				"west": {"uv": [9.25, 12.25, 9.375, 12.5], "texture": "#Drunken2_atlas1"},
				"up": {"uv": [1.75, 8.125, 2.625, 8], "texture": "#Drunken2_atlas1"},
				"down": {"uv": [3.875, 8, 4.75, 8.125], "texture": "#Drunken2_atlas1"}
			}
		},
		{
			"name": "Voxels",
			"from": [6.5, 1, 6.5],
			"to": [7, 2, 8.5],
			"shade": false,
			"faces": {
				"north": {"uv": [9.375, 12.75, 9.25, 13], "texture": "#Drunken2_atlas1"},
				"east": {"uv": [7, 14.5, 6.5, 14.75], "texture": "#Drunken2_atlas1"},
				"south": {"uv": [9.25, 13, 9.375, 13.25], "texture": "#Drunken2_atlas1"},
				"west": {"uv": [6, 14.5, 6.5, 14.75], "texture": "#Drunken2_atlas1"},
				"up": {"uv": [8.75, 11.625, 8.875, 11.125], "texture": "#Drunken2_atlas1"},
				"down": {"uv": [8.875, 10.75, 9, 11.25], "texture": "#Drunken2_atlas1"}
			}
		},
		{
			"name": "Voxels",
			"from": [6.5, 1, 9.5],
			"to": [7, 2, 10.5],
			"shade": false,
			"faces": {
				"north": {"uv": [9.375, 13.75, 9.25, 14], "texture": "#Drunken2_atlas1"},
				"east": {"uv": [9.125, 12.5, 8.875, 12.75], "texture": "#Drunken2_atlas1"},
				"south": {"uv": [9.25, 14.25, 9.375, 14.5], "texture": "#Drunken2_atlas1"},
				"west": {"uv": [8.875, 12.75, 9.125, 13], "texture": "#Drunken2_atlas1"},
				"up": {"uv": [9.25, 13.75, 9.375, 13.5], "texture": "#Drunken2_atlas1"},
				"down": {"uv": [9.25, 13.25, 9.375, 13.5], "texture": "#Drunken2_atlas1"}
			}
		},
		{
			"name": "Voxels",
			"from": [6.5, 1, 12],
			"to": [10, 1.5, 12.5],
			"shade": false,
			"faces": {
				"north": {"uv": [8.625, 15.75, 7.75, 15.875], "texture": "#Drunken2_atlas1"},
				"east": {"uv": [7.125, 11.125, 7, 11.25], "texture": "#Drunken2_atlas1"},
				"south": {"uv": [8.625, 15.75, 9.5, 15.875], "texture": "#Drunken2_atlas1"},
				"west": {"uv": [7, 11, 7.125, 11.125], "texture": "#Drunken2_atlas1"},
				"up": {"uv": [14.875, 16, 15.75, 15.875], "texture": "#Drunken2_atlas1"},
				"down": {"uv": [7.75, 14.5, 8.625, 14.625], "texture": "#Drunken2_atlas1"}
			}
		},
		{
			"name": "Voxels",
			"from": [6.5, 1.5, 1.5],
			"to": [11, 2, 2],
			"shade": false,
			"faces": {
				"north": {"uv": [5.875, 8.25, 4.75, 8.375], "texture": "#Drunken2_atlas1"},
				"east": {"uv": [7.125, 11.625, 7, 11.75], "texture": "#Drunken2_atlas1"},
				"south": {"uv": [4.75, 8.375, 5.875, 8.5], "texture": "#Drunken2_atlas1"},
				"west": {"uv": [7, 11.25, 7.125, 11.375], "texture": "#Drunken2_atlas1"},
				"up": {"uv": [6, 15.125, 7.125, 15], "texture": "#Drunken2_atlas1"},
				"down": {"uv": [6, 15.875, 7.125, 16], "texture": "#Drunken2_atlas1"}
			}
		},
		{
			"name": "Voxels",
			"from": [6.5, 1.5, 2],
			"to": [10.5, 2, 3],
			"shade": false,
			"faces": {
				"north": {"uv": [7, 14.25, 6, 14.375], "texture": "#Drunken2_atlas1"},
				"east": {"uv": [12.5, 14.5, 12.25, 14.625], "texture": "#Drunken2_atlas1"},
				"south": {"uv": [6, 14.125, 7, 14.25], "texture": "#Drunken2_atlas1"},
				"west": {"uv": [12.5, 14.5, 12.75, 14.625], "texture": "#Drunken2_atlas1"},
				"up": {"uv": [2.625, 9.875, 3.625, 9.625], "texture": "#Drunken2_atlas1"},
				"down": {"uv": [2.625, 9.375, 3.625, 9.625], "texture": "#Drunken2_atlas1"}
			}
		},
		{
			"name": "Voxels",
			"from": [6.5, 1.5, 8.5],
			"to": [10.5, 2, 9.5],
			"shade": false,
			"faces": {
				"north": {"uv": [7, 14, 6, 14.125], "texture": "#Drunken2_atlas1"},
				"east": {"uv": [12, 14.5, 11.75, 14.625], "texture": "#Drunken2_atlas1"},
				"south": {"uv": [6, 13.75, 7, 13.875], "texture": "#Drunken2_atlas1"},
				"west": {"uv": [12, 14.5, 12.25, 14.625], "texture": "#Drunken2_atlas1"},
				"up": {"uv": [3.625, 13.25, 4.625, 13], "texture": "#Drunken2_atlas1"},
				"down": {"uv": [2.625, 8.625, 3.625, 8.875], "texture": "#Drunken2_atlas1"}
			}
		},
		{
			"name": "Voxels",
			"from": [6.5, 1.5, 10.5],
			"to": [10, 2, 11],
			"shade": false,
			"faces": {
				"north": {"uv": [12.125, 15.625, 11.25, 15.75], "texture": "#Drunken2_atlas1"},
				"east": {"uv": [7.125, 13.625, 7, 13.75], "texture": "#Drunken2_atlas1"},
				"south": {"uv": [12.125, 15.625, 13, 15.75], "texture": "#Drunken2_atlas1"},
				"west": {"uv": [7, 13.5, 7.125, 13.625], "texture": "#Drunken2_atlas1"},
				"up": {"uv": [10.375, 15.75, 11.25, 15.625], "texture": "#Drunken2_atlas1"},
				"down": {"uv": [9.5, 15.625, 10.375, 15.75], "texture": "#Drunken2_atlas1"}
			}
		},
		{
			"name": "Voxels",
			"from": [6.5, 1.5, 11.5],
			"to": [10, 2, 12],
			"shade": false,
			"faces": {
				"north": {"uv": [9.5, 15.5, 8.625, 15.625], "texture": "#Drunken2_atlas1"},
				"east": {"uv": [7.125, 13.875, 7, 14], "texture": "#Drunken2_atlas1"},
				"south": {"uv": [9.5, 15.5, 10.375, 15.625], "texture": "#Drunken2_atlas1"},
				"west": {"uv": [7, 13.75, 7.125, 13.875], "texture": "#Drunken2_atlas1"},
				"up": {"uv": [7.75, 15.625, 8.625, 15.5], "texture": "#Drunken2_atlas1"},
				"down": {"uv": [14.75, 15.625, 15.625, 15.75], "texture": "#Drunken2_atlas1"}
			}
		},
		{
			"name": "Voxels",
			"from": [7, -5, 8.5],
			"to": [7.5, -4, 9],
			"shade": false,
			"faces": {
				"north": {"uv": [7.75, 12, 7.625, 12.25], "texture": "#Drunken2_atlas1"},
				"east": {"uv": [7.75, 12.75, 7.625, 13], "texture": "#Drunken2_atlas1"},
				"south": {"uv": [7.625, 12.25, 7.75, 12.5], "texture": "#Drunken2_atlas1"},
				"west": {"uv": [7.625, 12.5, 7.75, 12.75], "texture": "#Drunken2_atlas1"},
				"up": {"uv": [7, 14.25, 7.125, 14.125], "texture": "#Drunken2_atlas1"},
				"down": {"uv": [7, 14, 7.125, 14.125], "texture": "#Drunken2_atlas1"}
			}
		},
		{
			"name": "Voxels",
			"from": [7, -5, 9],
			"to": [7.5, -4.5, 10],
			"shade": false,
			"faces": {
				"north": {"uv": [7.125, 14.75, 7, 14.875], "texture": "#Drunken2_atlas1"},
				"east": {"uv": [16, 14.625, 15.75, 14.75], "texture": "#Drunken2_atlas1"},
				"south": {"uv": [5.875, 8.125, 6, 8.25], "texture": "#Drunken2_atlas1"},
				"west": {"uv": [9.25, 14.5, 9.5, 14.625], "texture": "#Drunken2_atlas1"},
				"up": {"uv": [7.625, 13.5, 7.75, 13.25], "texture": "#Drunken2_atlas1"},
				"down": {"uv": [7.625, 13, 7.75, 13.25], "texture": "#Drunken2_atlas1"}
			}
		},
		{
			"name": "Voxels",
			"from": [7, -4, 9.5],
			"to": [7.5, -3, 10],
			"shade": false,
			"faces": {
				"north": {"uv": [6, 15, 5.875, 15.25], "texture": "#Drunken2_atlas1"},
				"east": {"uv": [9.875, 13.125, 9.75, 13.375], "texture": "#Drunken2_atlas1"},
				"south": {"uv": [4.625, 8.125, 4.75, 8.375], "texture": "#Drunken2_atlas1"},
				"west": {"uv": [3.75, 8, 3.875, 8.25], "texture": "#Drunken2_atlas1"},
				"up": {"uv": [5.875, 8.75, 6, 8.625], "texture": "#Drunken2_atlas1"},
				"down": {"uv": [5.875, 8.25, 6, 8.375], "texture": "#Drunken2_atlas1"}
			}
		},
		{
			"name": "Voxels",
			"from": [7, -3.5, 9],
			"to": [8, -3, 9.5],
			"shade": false,
			"faces": {
				"north": {"uv": [10, 14.125, 9.75, 14.25], "texture": "#Drunken2_atlas1"},
				"east": {"uv": [14.125, 14, 14, 14.125], "texture": "#Drunken2_atlas1"},
				"south": {"uv": [15.75, 14.25, 16, 14.375], "texture": "#Drunken2_atlas1"},
				"west": {"uv": [14.125, 14, 14.25, 14.125], "texture": "#Drunken2_atlas1"},
				"up": {"uv": [11, 14.25, 11.25, 14.125], "texture": "#Drunken2_atlas1"},
				"down": {"uv": [11.25, 14.125, 11.5, 14.25], "texture": "#Drunken2_atlas1"}
			}
		},
		{
			"name": "Voxels",
			"from": [7, -3, 5],
			"to": [8, -2.5, 5.5],
			"shade": false,
			"faces": {
				"north": {"uv": [9.625, 8.125, 9.375, 8.25], "texture": "#Drunken2_atlas1"},
				"east": {"uv": [9.875, 8.25, 9.75, 8.375], "texture": "#Drunken2_atlas1"},
				"south": {"uv": [9.375, 8.5, 9.625, 8.625], "texture": "#Drunken2_atlas1"},
				"west": {"uv": [11.625, 14, 11.75, 14.125], "texture": "#Drunken2_atlas1"},
				"up": {"uv": [11.25, 14.375, 11.5, 14.25], "texture": "#Drunken2_atlas1"},
				"down": {"uv": [14, 14.25, 14.25, 14.375], "texture": "#Drunken2_atlas1"}
			}
		},
		{
			"name": "Voxels",
			"from": [7, -3, 9],
			"to": [7.5, -2.5, 9.5],
			"shade": false,
			"faces": {
				"north": {"uv": [9.875, 8.875, 9.75, 9], "texture": "#Drunken2_atlas1"},
				"east": {"uv": [15.375, 14.125, 15.25, 14.25], "texture": "#Drunken2_atlas1"},
				"south": {"uv": [9.75, 10.5, 9.875, 10.625], "texture": "#Drunken2_atlas1"},
				"west": {"uv": [15.375, 14.125, 15.5, 14.25], "texture": "#Drunken2_atlas1"},
				"up": {"uv": [9.75, 8.875, 9.875, 8.75], "texture": "#Drunken2_atlas1"},
				"down": {"uv": [9.75, 8.375, 9.875, 8.5], "texture": "#Drunken2_atlas1"}
			}
		},
		{
			"name": "Voxels",
			"from": [7, -2.5, 8.5],
			"to": [10.5, -2, 9],
			"shade": false,
			"faces": {
				"north": {"uv": [9.625, 15.875, 8.75, 16], "texture": "#Drunken2_atlas1"},
				"east": {"uv": [13.625, 14, 13.5, 14.125], "texture": "#Drunken2_atlas1"},
				"south": {"uv": [9.625, 15.875, 10.5, 16], "texture": "#Drunken2_atlas1"},
				"west": {"uv": [15.125, 14.125, 15.25, 14.25], "texture": "#Drunken2_atlas1"},
				"up": {"uv": [7.75, 15.375, 8.625, 15.25], "texture": "#Drunken2_atlas1"},
				"down": {"uv": [14.75, 15.375, 15.625, 15.5], "texture": "#Drunken2_atlas1"}
			}
		},
		{
			"name": "Voxels",
			"from": [7, -2.5, 16],
			"to": [10, -2, 16.5],
			"shade": false,
			"faces": {
				"north": {"uv": [8.5, 9.625, 7.75, 9.75], "texture": "#Drunken2_atlas1"},
				"east": {"uv": [13.375, 14, 13.25, 14.125], "texture": "#Drunken2_atlas1"},
				"south": {"uv": [7.75, 9.5, 8.5, 9.625], "texture": "#Drunken2_atlas1"},
				"west": {"uv": [13.375, 14, 13.5, 14.125], "texture": "#Drunken2_atlas1"},
				"up": {"uv": [7.75, 11.625, 8.5, 11.5], "texture": "#Drunken2_atlas1"},
				"down": {"uv": [7.75, 11.625, 8.5, 11.75], "texture": "#Drunken2_atlas1"}
			}
		},
		{
			"name": "Voxels",
			"from": [7, -2.5, 16.5],
			"to": [9.5, -2, 17],
			"shade": false,
			"faces": {
				"north": {"uv": [9.375, 15.25, 8.75, 15.375], "texture": "#Drunken2_atlas1"},
				"east": {"uv": [13.875, 14.125, 13.75, 14.25], "texture": "#Drunken2_atlas1"},
				"south": {"uv": [9.375, 15.25, 10, 15.375], "texture": "#Drunken2_atlas1"},
				"west": {"uv": [9.75, 10.625, 9.875, 10.75], "texture": "#Drunken2_atlas1"},
				"up": {"uv": [7.75, 8.375, 8.375, 8.25], "texture": "#Drunken2_atlas1"},
				"down": {"uv": [7.75, 8.375, 8.375, 8.5], "texture": "#Drunken2_atlas1"}
			}
		},
		{
			"name": "Voxels",
			"from": [7, -2, 1],
			"to": [11, -1.5, 1.5],
			"shade": false,
			"faces": {
				"north": {"uv": [7, 11, 6, 11.125], "texture": "#Drunken2_atlas1"},
				"east": {"uv": [16, 14.875, 15.875, 15], "texture": "#Drunken2_atlas1"},
				"south": {"uv": [6, 11.625, 7, 11.75], "texture": "#Drunken2_atlas1"},
				"west": {"uv": [15.875, 14.75, 16, 14.875], "texture": "#Drunken2_atlas1"},
				"up": {"uv": [6, 10, 7, 9.875], "texture": "#Drunken2_atlas1"},
				"down": {"uv": [6, 10, 7, 10.125], "texture": "#Drunken2_atlas1"}
			}
		},
		{
			"name": "Voxels",
			"from": [7, -2, 1.5],
			"to": [8, -0.5, 2],
			"shade": false,
			"faces": {
				"north": {"uv": [7.75, 13.875, 7.5, 14.25], "texture": "#Drunken2_atlas1"},
				"east": {"uv": [6, 10.25, 5.875, 10.625], "texture": "#Drunken2_atlas1"},
				"south": {"uv": [7.25, 13.875, 7.5, 14.25], "texture": "#Drunken2_atlas1"},
				"west": {"uv": [3.5, 12.375, 3.625, 12.75], "texture": "#Drunken2_atlas1"},
				"up": {"uv": [9.375, 13.25, 9.625, 13.125], "texture": "#Drunken2_atlas1"},
				"down": {"uv": [10.5, 14.25, 10.75, 14.375], "texture": "#Drunken2_atlas1"}
			}
		},
		{
			"name": "Voxels",
			"from": [7, -2, 5],
			"to": [7.5, -1.5, 7],
			"shade": false,
			"faces": {
				"north": {"uv": [7.125, 8.25, 7, 8.375], "texture": "#Drunken2_atlas1"},
				"east": {"uv": [11.625, 14.875, 11.125, 15], "texture": "#Drunken2_atlas1"},
				"south": {"uv": [7, 8.375, 7.125, 8.5], "texture": "#Drunken2_atlas1"},
				"west": {"uv": [10.625, 14.875, 11.125, 15], "texture": "#Drunken2_atlas1"},
				"up": {"uv": [8.75, 10.625, 8.875, 10.125], "texture": "#Drunken2_atlas1"},
				"down": {"uv": [8.75, 10.625, 8.875, 11.125], "texture": "#Drunken2_atlas1"}
			}
		},
		{
			"name": "Voxels",
			"from": [7, -2, 12.5],
			"to": [10, -1.5, 13],
			"shade": false,
			"faces": {
				"north": {"uv": [8.5, 9, 7.75, 9.125], "texture": "#Drunken2_atlas1"},
				"east": {"uv": [9.875, 8.625, 9.75, 8.75], "texture": "#Drunken2_atlas1"},
				"south": {"uv": [7.75, 10.125, 8.5, 10.25], "texture": "#Drunken2_atlas1"},
				"west": {"uv": [9.75, 8.5, 9.875, 8.625], "texture": "#Drunken2_atlas1"},
				"up": {"uv": [7.75, 14, 8.5, 13.875], "texture": "#Drunken2_atlas1"},
				"down": {"uv": [7.75, 13.5, 8.5, 13.625], "texture": "#Drunken2_atlas1"}
			}
		},
		{
			"name": "Voxels",
			"from": [7, -2, 13],
			"to": [8, 0, 16],
			"shade": false,
			"faces": {
				"north": {"uv": [5.5, 9.5, 5.25, 10], "texture": "#Drunken2_atlas1"},
				"east": {"uv": [2.5, 10, 1.75, 10.5], "texture": "#Drunken2_atlas1"},
				"south": {"uv": [6.5, 10.375, 6.75, 10.875], "texture": "#Drunken2_atlas1"},
				"west": {"uv": [1.75, 11.25, 2.5, 11.75], "texture": "#Drunken2_atlas1"},
				"up": {"uv": [4.375, 9.5, 4.625, 8.75], "texture": "#Drunken2_atlas1"},
				"down": {"uv": [4.75, 11.875, 5, 12.625], "texture": "#Drunken2_atlas1"}
			}
		},
		{
			"name": "Voxels",
			"from": [7, -1.5, 2],
			"to": [8, -1, 2.5],
			"shade": false,
			"faces": {
				"north": {"uv": [9.625, 12.625, 9.375, 12.75], "texture": "#Drunken2_atlas1"},
				"east": {"uv": [16, 15, 15.875, 15.125], "texture": "#Drunken2_atlas1"},
				"south": {"uv": [9.375, 10.125, 9.625, 10.25], "texture": "#Drunken2_atlas1"},
				"west": {"uv": [8.5, 9.75, 8.625, 9.875], "texture": "#Drunken2_atlas1"},
				"up": {"uv": [9.375, 12.875, 9.625, 12.75], "texture": "#Drunken2_atlas1"},
				"down": {"uv": [9.375, 13, 9.625, 13.125], "texture": "#Drunken2_atlas1"}
			}
		},
		{
			"name": "Voxels",
			"from": [7, -0.5, 0],
			"to": [10.5, 0, 0.5],
			"shade": false,
			"faces": {
				"north": {"uv": [8.625, 15.125, 7.75, 15.25], "texture": "#Drunken2_atlas1"},
				"east": {"uv": [9.875, 12.5, 9.75, 12.625], "texture": "#Drunken2_atlas1"},
				"south": {"uv": [9.5, 15.75, 10.375, 15.875], "texture": "#Drunken2_atlas1"},
				"west": {"uv": [13.875, 14.125, 14, 14.25], "texture": "#Drunken2_atlas1"},
				"up": {"uv": [13.875, 15.5, 14.75, 15.375], "texture": "#Drunken2_atlas1"},
				"down": {"uv": [13.875, 15.5, 14.75, 15.625], "texture": "#Drunken2_atlas1"}
			}
		},
		{
			"name": "Voxels",
			"from": [7, -0.5, 1],
			"to": [8, 0, 1.5],
			"shade": false,
			"faces": {
				"north": {"uv": [10.625, 14.375, 10.375, 14.5], "texture": "#Drunken2_atlas1"},
				"east": {"uv": [9.875, 10.75, 9.75, 10.875], "texture": "#Drunken2_atlas1"},
				"south": {"uv": [10.625, 14.375, 10.875, 14.5], "texture": "#Drunken2_atlas1"},
				"west": {"uv": [9.75, 10.875, 9.875, 11], "texture": "#Drunken2_atlas1"},
				"up": {"uv": [10.125, 14.5, 10.375, 14.375], "texture": "#Drunken2_atlas1"},
				"down": {"uv": [15.25, 14.5, 15.5, 14.625], "texture": "#Drunken2_atlas1"}
			}
		},
		{
			"name": "Voxels",
			"from": [7, -0.5, 12.5],
			"to": [10, 0, 13],
			"shade": false,
			"faces": {
				"north": {"uv": [8.5, 9.375, 7.75, 9.5], "texture": "#Drunken2_atlas1"},
				"east": {"uv": [15.125, 14.125, 15, 14.25], "texture": "#Drunken2_atlas1"},
				"south": {"uv": [7.75, 11.875, 8.5, 12], "texture": "#Drunken2_atlas1"},
				"west": {"uv": [13.625, 14, 13.75, 14.125], "texture": "#Drunken2_atlas1"},
				"up": {"uv": [7.75, 9.25, 8.5, 9.125], "texture": "#Drunken2_atlas1"},
				"down": {"uv": [7.75, 12.5, 8.5, 12.625], "texture": "#Drunken2_atlas1"}
			}
		},
		{
			"name": "Voxels",
			"from": [7, -0.5, 17],
			"to": [10, 0, 17.5],
			"shade": false,
			"faces": {
				"north": {"uv": [8.5, 9.875, 7.75, 10], "texture": "#Drunken2_atlas1"},
				"east": {"uv": [9.875, 9.25, 9.75, 9.375], "texture": "#Drunken2_atlas1"},
				"south": {"uv": [7.75, 10, 8.5, 10.125], "texture": "#Drunken2_atlas1"},
				"west": {"uv": [9.75, 10.375, 9.875, 10.5], "texture": "#Drunken2_atlas1"},
				"up": {"uv": [7.75, 9.875, 8.5, 9.75], "texture": "#Drunken2_atlas1"},
				"down": {"uv": [7.75, 12, 8.5, 12.125], "texture": "#Drunken2_atlas1"}
			}
		},
		{
			"name": "Voxels",
			"from": [7, 0, 1.5],
			"to": [8, 1.5, 2],
			"shade": false,
			"faces": {
				"north": {"uv": [7.75, 9.125, 7.5, 9.5], "texture": "#Drunken2_atlas1"},
				"east": {"uv": [9, 10.375, 8.875, 10.75], "texture": "#Drunken2_atlas1"},
				"south": {"uv": [7.25, 9.125, 7.5, 9.5], "texture": "#Drunken2_atlas1"},
				"west": {"uv": [9, 10.875, 9.125, 11.25], "texture": "#Drunken2_atlas1"},
				"up": {"uv": [9.375, 10.875, 9.625, 10.75], "texture": "#Drunken2_atlas1"},
				"down": {"uv": [9.375, 10.875, 9.625, 11], "texture": "#Drunken2_atlas1"}
			}
		},
		{
			"name": "Voxels",
			"from": [7, 0, 13],
			"to": [7.5, 1, 16],
			"shade": false,
			"faces": {
				"north": {"uv": [9.5, 10.25, 9.375, 10.5], "texture": "#Drunken2_atlas1"},
				"east": {"uv": [5.5, 12.625, 4.75, 12.875], "texture": "#Drunken2_atlas1"},
				"south": {"uv": [9.5, 8.625, 9.625, 8.875], "texture": "#Drunken2_atlas1"},
				"west": {"uv": [5.125, 15, 5.875, 15.25], "texture": "#Drunken2_atlas1"},
				"up": {"uv": [7.5, 10.25, 7.625, 9.5], "texture": "#Drunken2_atlas1"},
				"down": {"uv": [7.625, 9.5, 7.75, 10.25], "texture": "#Drunken2_atlas1"}
			}
		},
		{
			"name": "Voxels",
			"from": [7, 0.5, 2],
			"to": [8, 1, 3],
			"shade": false,
			"faces": {
				"north": {"uv": [11.75, 14.25, 11.5, 14.375], "texture": "#Drunken2_atlas1"},
				"east": {"uv": [14, 14.25, 13.75, 14.375], "texture": "#Drunken2_atlas1"},
				"south": {"uv": [13.25, 14.25, 13.5, 14.375], "texture": "#Drunken2_atlas1"},
				"west": {"uv": [13.5, 14.25, 13.75, 14.375], "texture": "#Drunken2_atlas1"},
				"up": {"uv": [8.875, 13.75, 9.125, 13.5], "texture": "#Drunken2_atlas1"},
				"down": {"uv": [8.875, 13.25, 9.125, 13.5], "texture": "#Drunken2_atlas1"}
			}
		},
		{
			"name": "Voxels",
			"from": [7, 0.5, 17],
			"to": [10, 1, 17.5],
			"shade": false,
			"faces": {
				"north": {"uv": [8.5, 10.5, 7.75, 10.625], "texture": "#Drunken2_atlas1"},
				"east": {"uv": [14.875, 14, 14.75, 14.125], "texture": "#Drunken2_atlas1"},
				"south": {"uv": [7.75, 10.625, 8.5, 10.75], "texture": "#Drunken2_atlas1"},
				"west": {"uv": [14.625, 14, 14.75, 14.125], "texture": "#Drunken2_atlas1"},
				"up": {"uv": [7.75, 10.5, 8.5, 10.375], "texture": "#Drunken2_atlas1"},
				"down": {"uv": [7.75, 10.25, 8.5, 10.375], "texture": "#Drunken2_atlas1"}
			}
		},
		{
			"name": "Voxels",
			"from": [7, 1, 0.5],
			"to": [11, 2, 1],
			"shade": false,
			"faces": {
				"north": {"uv": [3.625, 8.375, 2.625, 8.625], "texture": "#Drunken2_atlas1"},
				"east": {"uv": [4.75, 10, 4.625, 10.25], "texture": "#Drunken2_atlas1"},
				"south": {"uv": [2.625, 8.875, 3.625, 9.125], "texture": "#Drunken2_atlas1"},
				"west": {"uv": [4.625, 13, 4.75, 13.25], "texture": "#Drunken2_atlas1"},
				"up": {"uv": [6, 13.5, 7, 13.375], "texture": "#Drunken2_atlas1"},
				"down": {"uv": [6, 13.25, 7, 13.375], "texture": "#Drunken2_atlas1"}
			}
		},
		{
			"name": "Voxels",
			"from": [7, 1, 11],
			"to": [10.5, 1.5, 12],
			"shade": false,
			"faces": {
				"north": {"uv": [12.125, 15.375, 11.25, 15.5], "texture": "#Drunken2_atlas1"},
				"east": {"uv": [16, 15.875, 15.75, 16], "texture": "#Drunken2_atlas1"},
				"south": {"uv": [10.375, 15.375, 11.25, 15.5], "texture": "#Drunken2_atlas1"},
				"west": {"uv": [7.5, 8, 7.75, 8.125], "texture": "#Drunken2_atlas1"},
				"up": {"uv": [3.625, 11, 4.5, 10.75], "texture": "#Drunken2_atlas1"},
				"down": {"uv": [3.625, 11, 4.5, 11.25], "texture": "#Drunken2_atlas1"}
			}
		},
		{
			"name": "Voxels",
			"from": [7, 1, 12.5],
			"to": [8, 1.5, 13],
			"shade": false,
			"faces": {
				"north": {"uv": [8.625, 8.25, 8.375, 8.375], "texture": "#Drunken2_atlas1"},
				"east": {"uv": [6, 8.375, 5.875, 8.5], "texture": "#Drunken2_atlas1"},
				"south": {"uv": [15.75, 15.125, 16, 15.25], "texture": "#Drunken2_atlas1"},
				"west": {"uv": [5.875, 8.5, 6, 8.625], "texture": "#Drunken2_atlas1"},
				"up": {"uv": [8.375, 8.5, 8.625, 8.375], "texture": "#Drunken2_atlas1"},
				"down": {"uv": [8.375, 8.5, 8.625, 8.625], "texture": "#Drunken2_atlas1"}
			}
		},
		{
			"name": "Voxels",
			"from": [7, 1, 16],
			"to": [10, 1.5, 16.5],
			"shade": false,
			"faces": {
				"north": {"uv": [8.5, 11.25, 7.75, 11.375], "texture": "#Drunken2_atlas1"},
				"east": {"uv": [7.125, 14.875, 7, 15], "texture": "#Drunken2_atlas1"},
				"south": {"uv": [7.75, 11.375, 8.5, 11.5], "texture": "#Drunken2_atlas1"},
				"west": {"uv": [5.875, 8, 6, 8.125], "texture": "#Drunken2_atlas1"},
				"up": {"uv": [7.75, 11.25, 8.5, 11.125], "texture": "#Drunken2_atlas1"},
				"down": {"uv": [7.75, 11, 8.5, 11.125], "texture": "#Drunken2_atlas1"}
			}
		},
		{
			"name": "Voxels",
			"from": [7, 1.5, 0],
			"to": [10.5, 2, 0.5],
			"shade": false,
			"faces": {
				"north": {"uv": [8.625, 15.375, 7.75, 15.5], "texture": "#Drunken2_atlas1"},
				"east": {"uv": [7.125, 14.25, 7, 14.375], "texture": "#Drunken2_atlas1"},
				"south": {"uv": [14.75, 15.5, 15.625, 15.625], "texture": "#Drunken2_atlas1"},
				"west": {"uv": [7, 14.375, 7.125, 14.5], "texture": "#Drunken2_atlas1"},
				"up": {"uv": [8.625, 15.5, 9.5, 15.375], "texture": "#Drunken2_atlas1"},
				"down": {"uv": [9.5, 15.375, 10.375, 15.5], "texture": "#Drunken2_atlas1"}
			}
		},
		{
			"name": "Voxels",
			"from": [7, 1.5, 6.5],
			"to": [10.5, 2, 8.5],
			"shade": false,
			"faces": {
				"north": {"uv": [8.625, 14.375, 7.75, 14.5], "texture": "#Drunken2_atlas1"},
				"east": {"uv": [15.125, 14.875, 14.625, 15], "texture": "#Drunken2_atlas1"},
				"south": {"uv": [12.125, 15.5, 13, 15.625], "texture": "#Drunken2_atlas1"},
				"west": {"uv": [5.5, 9.375, 6, 9.5], "texture": "#Drunken2_atlas1"},
				"up": {"uv": [1.75, 13.5, 2.625, 13], "texture": "#Drunken2_atlas1"},
				"down": {"uv": [1.75, 12.5, 2.625, 13], "texture": "#Drunken2_atlas1"}
			}
		},
		{
			"name": "Voxels",
			"from": [7, 1.5, 9.5],
			"to": [10.5, 2, 10],
			"shade": false,
			"faces": {
				"north": {"uv": [13.875, 15.625, 13, 15.75], "texture": "#Drunken2_atlas1"},
				"east": {"uv": [7.125, 13.25, 7, 13.375], "texture": "#Drunken2_atlas1"},
				"south": {"uv": [8.625, 15.625, 9.5, 15.75], "texture": "#Drunken2_atlas1"},
				"west": {"uv": [7, 13.375, 7.125, 13.5], "texture": "#Drunken2_atlas1"},
				"up": {"uv": [13.875, 15.75, 14.75, 15.625], "texture": "#Drunken2_atlas1"},
				"down": {"uv": [10.375, 15.5, 11.25, 15.625], "texture": "#Drunken2_atlas1"}
			}
		},
		{
			"name": "Voxels",
			"from": [7, 1.5, 10],
			"to": [10, 2, 10.5],
			"shade": false,
			"faces": {
				"north": {"uv": [8.5, 12.875, 7.75, 13], "texture": "#Drunken2_atlas1"},
				"east": {"uv": [7.125, 11.375, 7, 11.5], "texture": "#Drunken2_atlas1"},
				"south": {"uv": [7.75, 13.125, 8.5, 13.25], "texture": "#Drunken2_atlas1"},
				"west": {"uv": [7, 11.5, 7.125, 11.625], "texture": "#Drunken2_atlas1"},
				"up": {"uv": [7.75, 12.875, 8.5, 12.75], "texture": "#Drunken2_atlas1"},
				"down": {"uv": [7.75, 12.375, 8.5, 12.5], "texture": "#Drunken2_atlas1"}
			}
		},
		{
			"name": "Voxels",
			"from": [7, 1.5, 11],
			"to": [10, 2, 11.5],
			"shade": false,
			"faces": {
				"north": {"uv": [8.5, 13.75, 7.75, 13.875], "texture": "#Drunken2_atlas1"},
				"east": {"uv": [7.125, 10.25, 7, 10.375], "texture": "#Drunken2_atlas1"},
				"south": {"uv": [7.75, 14, 8.5, 14.125], "texture": "#Drunken2_atlas1"},
				"west": {"uv": [7, 10.875, 7.125, 11], "texture": "#Drunken2_atlas1"},
				"up": {"uv": [7.75, 13.75, 8.5, 13.625], "texture": "#Drunken2_atlas1"},
				"down": {"uv": [7.75, 13.25, 8.5, 13.375], "texture": "#Drunken2_atlas1"}
			}
		},
		{
			"name": "Voxels",
			"from": [7.5, -4, 9],
			"to": [8, -3.5, 9.5],
			"shade": false,
			"faces": {
				"north": {"uv": [7.125, 9.875, 7, 10], "texture": "#Drunken2_atlas1"},
				"east": {"uv": [8.625, 11.5, 8.5, 11.625], "texture": "#Drunken2_atlas1"},
				"south": {"uv": [7, 9.75, 7.125, 9.875], "texture": "#Drunken2_atlas1"},
				"west": {"uv": [7, 9.625, 7.125, 9.75], "texture": "#Drunken2_atlas1"},
				"up": {"uv": [7, 10.125, 7.125, 10], "texture": "#Drunken2_atlas1"},
				"down": {"uv": [7, 10.125, 7.125, 10.25], "texture": "#Drunken2_atlas1"}
			}
		},
		{
			"name": "Voxels",
			"from": [7.5, -3, 8.5],
			"to": [8, -2.5, 9],
			"shade": false,
			"faces": {
				"north": {"uv": [7.125, 9.25, 7, 9.375], "texture": "#Drunken2_atlas1"},
				"east": {"uv": [7.125, 8.875, 7, 9], "texture": "#Drunken2_atlas1"},
				"south": {"uv": [7, 9.125, 7.125, 9.25], "texture": "#Drunken2_atlas1"},
				"west": {"uv": [7, 9, 7.125, 9.125], "texture": "#Drunken2_atlas1"},
				"up": {"uv": [7, 9.5, 7.125, 9.375], "texture": "#Drunken2_atlas1"},
				"down": {"uv": [7, 9.5, 7.125, 9.625], "texture": "#Drunken2_atlas1"}
			}
		},
		{
			"name": "Voxels",
			"from": [7.5, -2.5, 0],
			"to": [9.5, -2, 0.5],
			"shade": false,
			"faces": {
				"north": {"uv": [14.375, 15, 13.875, 15.125], "texture": "#Drunken2_atlas1"},
				"east": {"uv": [7.125, 8.625, 7, 8.75], "texture": "#Drunken2_atlas1"},
				"south": {"uv": [13.375, 15, 13.875, 15.125], "texture": "#Drunken2_atlas1"},
				"west": {"uv": [7, 8.75, 7.125, 8.875], "texture": "#Drunken2_atlas1"},
				"up": {"uv": [14.375, 15.125, 14.875, 15], "texture": "#Drunken2_atlas1"},
				"down": {"uv": [14.875, 15, 15.375, 15.125], "texture": "#Drunken2_atlas1"}
			}
		},
		{
			"name": "Voxels",
			"from": [7.5, -1, 0.5],
			"to": [11, 0.5, 1],
			"shade": false,
			"faces": {
				"north": {"uv": [2.625, 8.5, 1.75, 8.875], "texture": "#Drunken2_atlas1"},
				"east": {"uv": [9, 10, 8.875, 10.375], "texture": "#Drunken2_atlas1"},
				"south": {"uv": [1.75, 8.875, 2.625, 9.25], "texture": "#Drunken2_atlas1"},
				"west": {"uv": [9, 10.375, 9.125, 10.75], "texture": "#Drunken2_atlas1"},
				"up": {"uv": [13, 15.5, 13.875, 15.375], "texture": "#Drunken2_atlas1"},
				"down": {"uv": [7.75, 14.875, 8.625, 15], "texture": "#Drunken2_atlas1"}
			}
		},
		{
			"name": "Voxels",
			"from": [7.5, -1, 2],
			"to": [8, -0.5, 2.5],
			"shade": false,
			"faces": {
				"north": {"uv": [7.25, 8, 7.125, 8.125], "texture": "#Drunken2_atlas1"},
				"east": {"uv": [8.625, 14, 8.5, 14.125], "texture": "#Drunken2_atlas1"},
				"south": {"uv": [8.5, 14.25, 8.625, 14.375], "texture": "#Drunken2_atlas1"},
				"west": {"uv": [8.5, 14.125, 8.625, 14.25], "texture": "#Drunken2_atlas1"},
				"up": {"uv": [7, 8.125, 7.125, 8], "texture": "#Drunken2_atlas1"},
				"down": {"uv": [7, 8.125, 7.125, 8.25], "texture": "#Drunken2_atlas1"}
			}
		},
		{
			"name": "Voxels",
			"from": [7.5, 0, 2],
			"to": [8, 0.5, 2.5],
			"shade": false,
			"faces": {
				"north": {"uv": [8.625, 13.625, 8.5, 13.75], "texture": "#Drunken2_atlas1"},
				"east": {"uv": [8.625, 13.25, 8.5, 13.375], "texture": "#Drunken2_atlas1"},
				"south": {"uv": [8.5, 13.5, 8.625, 13.625], "texture": "#Drunken2_atlas1"},
				"west": {"uv": [8.5, 13.375, 8.625, 13.5], "texture": "#Drunken2_atlas1"},
				"up": {"uv": [8.5, 13.875, 8.625, 13.75], "texture": "#Drunken2_atlas1"},
				"down": {"uv": [8.5, 13.875, 8.625, 14], "texture": "#Drunken2_atlas1"}
			}
		},
		{
			"name": "Voxels",
			"from": [7.5, 0.5, 12.5],
			"to": [10, 1, 16],
			"shade": false,
			"faces": {
				"north": {"uv": [8.375, 8.5, 7.75, 8.625], "texture": "#Drunken2_atlas1"},
				"east": {"uv": [13.875, 15.75, 13, 15.875], "texture": "#Drunken2_atlas1"},
				"south": {"uv": [11.875, 15.125, 12.5, 15.25], "texture": "#Drunken2_atlas1"},
				"west": {"uv": [13.125, 15.875, 14, 16], "texture": "#Drunken2_atlas1"},
				"up": {"uv": [1, 14.25, 1.625, 13.375], "texture": "#Drunken2_atlas1"},
				"down": {"uv": [1, 12.125, 1.625, 13], "texture": "#Drunken2_atlas1"}
			}
		},
		{
			"name": "Voxels",
			"from": [7.5, 1, 2],
			"to": [8, 1.5, 2.5],
			"shade": false,
			"faces": {
				"north": {"uv": [8.625, 12.5, 8.5, 12.625], "texture": "#Drunken2_atlas1"},
				"east": {"uv": [8.625, 12.125, 8.5, 12.25], "texture": "#Drunken2_atlas1"},
				"south": {"uv": [8.5, 12.375, 8.625, 12.5], "texture": "#Drunken2_atlas1"},
				"west": {"uv": [8.5, 12.25, 8.625, 12.375], "texture": "#Drunken2_atlas1"},
				"up": {"uv": [8.5, 12.75, 8.625, 12.625], "texture": "#Drunken2_atlas1"},
				"down": {"uv": [8.5, 12.75, 8.625, 12.875], "texture": "#Drunken2_atlas1"}
			}
		},
		{
			"name": "Voxels",
			"from": [7.5, 1, 6],
			"to": [8, 2, 6.5],
			"shade": false,
			"faces": {
				"north": {"uv": [9.375, 9.75, 9.25, 10], "texture": "#Drunken2_atlas1"},
				"east": {"uv": [9.375, 9, 9.25, 9.25], "texture": "#Drunken2_atlas1"},
				"south": {"uv": [9.25, 9.5, 9.375, 9.75], "texture": "#Drunken2_atlas1"},
				"west": {"uv": [9.25, 9.25, 9.375, 9.5], "texture": "#Drunken2_atlas1"},
				"up": {"uv": [8.5, 12, 8.625, 11.875], "texture": "#Drunken2_atlas1"},
				"down": {"uv": [8.5, 12, 8.625, 12.125], "texture": "#Drunken2_atlas1"}
			}
		},
		{
			"name": "Voxels",
			"from": [7.5, 1, 10.5],
			"to": [10.5, 1.5, 11],
			"shade": false,
			"faces": {
				"north": {"uv": [8.5, 10.875, 7.75, 11], "texture": "#Drunken2_atlas1"},
				"east": {"uv": [8.625, 11.625, 8.5, 11.75], "texture": "#Drunken2_atlas1"},
				"south": {"uv": [7.75, 8.875, 8.5, 9], "texture": "#Drunken2_atlas1"},
				"west": {"uv": [8.5, 11.75, 8.625, 11.875], "texture": "#Drunken2_atlas1"},
				"up": {"uv": [7.75, 11.875, 8.5, 11.75], "texture": "#Drunken2_atlas1"},
				"down": {"uv": [7.75, 12.125, 8.5, 12.25], "texture": "#Drunken2_atlas1"}
			}
		},
		{
			"name": "Voxels",
			"from": [7.5, 2, 1.5],
			"to": [9.5, 2.5, 3],
			"shade": false,
			"faces": {
				"north": {"uv": [14.625, 14.875, 14.125, 15], "texture": "#Drunken2_atlas1"},
				"east": {"uv": [11, 14.75, 10.625, 14.875], "texture": "#Drunken2_atlas1"},
				"south": {"uv": [13.625, 14.875, 14.125, 15], "texture": "#Drunken2_atlas1"},
				"west": {"uv": [10.25, 14.75, 10.625, 14.875], "texture": "#Drunken2_atlas1"},
				"up": {"uv": [5.25, 14.25, 5.75, 13.875], "texture": "#Drunken2_atlas1"},
				"down": {"uv": [3.875, 8.375, 4.375, 8.75], "texture": "#Drunken2_atlas1"}
			}
		},
		{
			"name": "Voxels",
			"from": [7.5, 2, 10],
			"to": [9, 2.5, 11],
			"shade": false,
			"faces": {
				"north": {"uv": [11.375, 14.75, 11, 14.875], "texture": "#Drunken2_atlas1"},
				"east": {"uv": [9.625, 12.375, 9.375, 12.5], "texture": "#Drunken2_atlas1"},
				"south": {"uv": [11.375, 14.75, 11.75, 14.875], "texture": "#Drunken2_atlas1"},
				"west": {"uv": [9.375, 12.5, 9.625, 12.625], "texture": "#Drunken2_atlas1"},
				"up": {"uv": [5, 13.375, 5.375, 13.125], "texture": "#Drunken2_atlas1"},
				"down": {"uv": [2.25, 13.5, 2.625, 13.75], "texture": "#Drunken2_atlas1"}
			}
		},
		{
			"name": "Voxels",
			"from": [7.5, 2.5, 2],
			"to": [9.5, 3, 2.5],
			"shade": false,
			"faces": {
				"north": {"uv": [12.875, 15, 12.375, 15.125], "texture": "#Drunken2_atlas1"},
				"east": {"uv": [8.625, 10.375, 8.5, 10.5], "texture": "#Drunken2_atlas1"},
				"south": {"uv": [14.25, 15.125, 14.75, 15.25], "texture": "#Drunken2_atlas1"},
				"west": {"uv": [8.5, 10.5, 8.625, 10.625], "texture": "#Drunken2_atlas1"},
				"up": {"uv": [12.875, 15.125, 13.375, 15], "texture": "#Drunken2_atlas1"},
				"down": {"uv": [12.625, 14.875, 13.125, 15], "texture": "#Drunken2_atlas1"}
			}
		},
		{
			"name": "Voxels",
			"from": [8, -2.5, 4.5],
			"to": [10.5, -2, 5],
			"shade": false,
			"faces": {
				"north": {"uv": [10, 15.125, 9.375, 15.25], "texture": "#Drunken2_atlas1"},
				"east": {"uv": [8.625, 10, 8.5, 10.125], "texture": "#Drunken2_atlas1"},
				"south": {"uv": [14.375, 15.25, 15, 15.375], "texture": "#Drunken2_atlas1"},
				"west": {"uv": [8.5, 10.125, 8.625, 10.25], "texture": "#Drunken2_atlas1"},
				"up": {"uv": [10, 15.25, 10.625, 15.125], "texture": "#Drunken2_atlas1"},
				"down": {"uv": [10.625, 15.125, 11.25, 15.25], "texture": "#Drunken2_atlas1"}
			}
		},
		{
			"name": "Voxels",
			"from": [8, -2.5, 7],
			"to": [10.5, -2, 8.5],
			"shade": false,
			"faces": {
				"north": {"uv": [13.75, 15.25, 13.125, 15.375], "texture": "#Drunken2_atlas1"},
				"east": {"uv": [12.5, 14.75, 12.125, 14.875], "texture": "#Drunken2_atlas1"},
				"south": {"uv": [11.875, 15.25, 12.5, 15.375], "texture": "#Drunken2_atlas1"},
				"west": {"uv": [11.75, 14.75, 12.125, 14.875], "texture": "#Drunken2_atlas1"},
				"up": {"uv": [1, 12.125, 1.625, 11.75], "texture": "#Drunken2_atlas1"},
				"down": {"uv": [1, 13, 1.625, 13.375], "texture": "#Drunken2_atlas1"}
			}
		},
		{
			"name": "Voxels",
			"from": [8, -1.5, 0],
			"to": [8.5, -0.5, 0.5],
			"shade": false,
			"faces": {
				"north": {"uv": [9.5, 9.625, 9.375, 9.875], "texture": "#Drunken2_atlas1"},
				"east": {"uv": [9.625, 9.375, 9.5, 9.625], "texture": "#Drunken2_atlas1"},
				"south": {"uv": [9.5, 9.625, 9.625, 9.875], "texture": "#Drunken2_atlas1"},
				"west": {"uv": [9.375, 9.375, 9.5, 9.625], "texture": "#Drunken2_atlas1"},
				"up": {"uv": [8.5, 9.625, 8.625, 9.5], "texture": "#Drunken2_atlas1"},
				"down": {"uv": [8.5, 9.625, 8.625, 9.75], "texture": "#Drunken2_atlas1"}
			}
		},
		{
			"name": "Voxels",
			"from": [8, -1.5, 0.5],
			"to": [9, -1, 1],
			"shade": false,
			"faces": {
				"north": {"uv": [9.625, 9, 9.375, 9.125], "texture": "#Drunken2_atlas1"},
				"east": {"uv": [8.625, 9.25, 8.5, 9.375], "texture": "#Drunken2_atlas1"},
				"south": {"uv": [9.375, 8.875, 9.625, 9], "texture": "#Drunken2_atlas1"},
				"west": {"uv": [8.5, 9.375, 8.625, 9.5], "texture": "#Drunken2_atlas1"},
				"up": {"uv": [9.375, 9.25, 9.625, 9.125], "texture": "#Drunken2_atlas1"},
				"down": {"uv": [9.375, 9.25, 9.625, 9.375], "texture": "#Drunken2_atlas1"}
			}
		},
		{
			"name": "Voxels",
			"from": [8, -1.5, 1.5],
			"to": [10, -0.5, 2],
			"shade": false,
			"faces": {
				"north": {"uv": [7.125, 12.5, 6.625, 12.75], "texture": "#Drunken2_atlas1"},
				"east": {"uv": [9.75, 13.875, 9.625, 14.125], "texture": "#Drunken2_atlas1"},
				"south": {"uv": [7.25, 15, 7.75, 15.25], "texture": "#Drunken2_atlas1"},
				"west": {"uv": [9.625, 14.125, 9.75, 14.375], "texture": "#Drunken2_atlas1"},
				"up": {"uv": [10.875, 15.125, 11.375, 15], "texture": "#Drunken2_atlas1"},
				"down": {"uv": [15.25, 15.125, 15.75, 15.25], "texture": "#Drunken2_atlas1"}
			}
		},
		{
			"name": "Voxels",
			"from": [8, -1.5, 13],
			"to": [10, -0.5, 16],
			"shade": false,
			"faces": {
				"north": {"uv": [7.75, 15.25, 7.25, 15.5], "texture": "#Drunken2_atlas1"},
				"east": {"uv": [1.75, 8, 1, 8.25], "texture": "#Drunken2_atlas1"},
				"south": {"uv": [6.625, 11.75, 7.125, 12], "texture": "#Drunken2_atlas1"},
				"west": {"uv": [4.75, 12.875, 5.5, 13.125], "texture": "#Drunken2_atlas1"},
				"up": {"uv": [1.75, 12.5, 2.25, 11.75], "texture": "#Drunken2_atlas1"},
				"down": {"uv": [1, 9.25, 1.5, 10], "texture": "#Drunken2_atlas1"}
			}
		},
		{
			"name": "Voxels",
			"from": [8, -0.5, 4.5],
			"to": [8.5, 2, 6],
			"shade": false,
			"faces": {
				"north": {"uv": [8.75, 11.625, 8.625, 12.25], "texture": "#Drunken2_atlas1"},
				"east": {"uv": [2.625, 9.375, 2.25, 10], "texture": "#Drunken2_atlas1"},
				"south": {"uv": [8.625, 12.25, 8.75, 12.875], "texture": "#Drunken2_atlas1"},
				"west": {"uv": [4.375, 12.375, 4.75, 13], "texture": "#Drunken2_atlas1"},
				"up": {"uv": [8.875, 10, 9, 9.625], "texture": "#Drunken2_atlas1"},
				"down": {"uv": [9, 10, 9.125, 10.375], "texture": "#Drunken2_atlas1"}
			}
		},
		{
			"name": "Voxels",
			"from": [8, -0.5, 15.5],
			"to": [9.5, 0.5, 16],
			"shade": false,
			"faces": {
				"north": {"uv": [7.625, 13.25, 7.25, 13.5], "texture": "#Drunken2_atlas1"},
				"east": {"uv": [9.75, 12.125, 9.625, 12.375], "texture": "#Drunken2_atlas1"},
				"south": {"uv": [7.375, 10.25, 7.75, 10.5], "texture": "#Drunken2_atlas1"},
				"west": {"uv": [9.625, 12.375, 9.75, 12.625], "texture": "#Drunken2_atlas1"},
				"up": {"uv": [12.875, 14.875, 13.25, 14.75], "texture": "#Drunken2_atlas1"},
				"down": {"uv": [12.5, 14.75, 12.875, 14.875], "texture": "#Drunken2_atlas1"}
			}
		},
		{
			"name": "Voxels",
			"from": [8, 0, 0],
			"to": [9, 0.5, 0.5],
			"shade": false,
			"faces": {
				"north": {"uv": [13, 14.25, 12.75, 14.375], "texture": "#Drunken2_atlas1"},
				"east": {"uv": [9.75, 8, 9.625, 8.125], "texture": "#Drunken2_atlas1"},
				"south": {"uv": [13, 14.25, 13.25, 14.375], "texture": "#Drunken2_atlas1"},
				"west": {"uv": [15.875, 14.375, 16, 14.5], "texture": "#Drunken2_atlas1"},
				"up": {"uv": [12.5, 14.375, 12.75, 14.25], "texture": "#Drunken2_atlas1"},
				"down": {"uv": [12.25, 14.25, 12.5, 14.375], "texture": "#Drunken2_atlas1"}
			}
		},
		{
			"name": "Voxels",
			"from": [8, 0, 4],
			"to": [8.5, 2, 4.5],
			"shade": false,
			"faces": {
				"north": {"uv": [8.875, 9.625, 8.75, 10.125], "texture": "#Drunken2_atlas1"},
				"east": {"uv": [8.875, 9.125, 8.75, 9.625], "texture": "#Drunken2_atlas1"},
				"south": {"uv": [8.75, 8.625, 8.875, 9.125], "texture": "#Drunken2_atlas1"},
				"west": {"uv": [8.75, 8.125, 8.875, 8.625], "texture": "#Drunken2_atlas1"},
				"up": {"uv": [13.125, 14.25, 13.25, 14.125], "texture": "#Drunken2_atlas1"},
				"down": {"uv": [13, 14.125, 13.125, 14.25], "texture": "#Drunken2_atlas1"}
			}
		},
		{
			"name": "Voxels",
			"from": [8, 0, 12.5],
			"to": [9, 0.5, 15.5],
			"shade": false,
			"faces": {
				"north": {"uv": [14.75, 14.25, 14.5, 14.375], "texture": "#Drunken2_atlas1"},
				"east": {"uv": [8.5, 12.625, 7.75, 12.75], "texture": "#Drunken2_atlas1"},
				"south": {"uv": [14.75, 14.25, 15, 14.375], "texture": "#Drunken2_atlas1"},
				"west": {"uv": [7.75, 12.25, 8.5, 12.375], "texture": "#Drunken2_atlas1"},
				"up": {"uv": [5.375, 13.875, 5.625, 13.125], "texture": "#Drunken2_atlas1"},
				"down": {"uv": [4.75, 13.125, 5, 13.875], "texture": "#Drunken2_atlas1"}
			}
		},
		{
			"name": "Voxels",
			"from": [8, 0.5, 0.5],
			"to": [9, 1, 2],
			"shade": false,
			"faces": {
				"north": {"uv": [15.5, 14.25, 15.25, 14.375], "texture": "#Drunken2_atlas1"},
				"east": {"uv": [14, 14.75, 13.625, 14.875], "texture": "#Drunken2_atlas1"},
				"south": {"uv": [15.5, 14.25, 15.75, 14.375], "texture": "#Drunken2_atlas1"},
				"west": {"uv": [13.25, 14.75, 13.625, 14.875], "texture": "#Drunken2_atlas1"},
				"up": {"uv": [7.25, 14.625, 7.5, 14.25], "texture": "#Drunken2_atlas1"},
				"down": {"uv": [7.5, 14.25, 7.75, 14.625], "texture": "#Drunken2_atlas1"}
			}
		},
		{
			"name": "Voxels",
			"from": [8, 1, 0],
			"to": [9, 1.5, 0.5],
			"shade": false,
			"faces": {
				"north": {"uv": [10.75, 14.125, 10.5, 14.25], "texture": "#Drunken2_atlas1"},
				"east": {"uv": [14.25, 14.125, 14.125, 14.25], "texture": "#Drunken2_atlas1"},
				"south": {"uv": [10.75, 14.125, 11, 14.25], "texture": "#Drunken2_atlas1"},
				"west": {"uv": [14, 14.125, 14.125, 14.25], "texture": "#Drunken2_atlas1"},
				"up": {"uv": [10.25, 14.25, 10.5, 14.125], "texture": "#Drunken2_atlas1"},
				"down": {"uv": [10, 14.125, 10.25, 14.25], "texture": "#Drunken2_atlas1"}
			}
		},
		{
			"name": "Voxels",
			"from": [8, 1, 1],
			"to": [11, 2, 1.5],
			"shade": false,
			"faces": {
				"north": {"uv": [5.875, 14.75, 5.125, 15], "texture": "#Drunken2_atlas1"},
				"east": {"uv": [9.75, 8.125, 9.625, 8.375], "texture": "#Drunken2_atlas1"},
				"south": {"uv": [5, 12.375, 5.75, 12.625], "texture": "#Drunken2_atlas1"},
				"west": {"uv": [9.625, 8.375, 9.75, 8.625], "texture": "#Drunken2_atlas1"},
				"up": {"uv": [7.75, 14.375, 8.5, 14.25], "texture": "#Drunken2_atlas1"},
				"down": {"uv": [7.75, 14.125, 8.5, 14.25], "texture": "#Drunken2_atlas1"}
			}
		},
		{
			"name": "Voxels",
			"from": [8, 1.5, 6],
			"to": [10.5, 2, 6.5],
			"shade": false,
			"faces": {
				"north": {"uv": [11.875, 15.125, 11.25, 15.25], "texture": "#Drunken2_atlas1"},
				"east": {"uv": [14.875, 14.125, 14.75, 14.25], "texture": "#Drunken2_atlas1"},
				"south": {"uv": [12.5, 15.125, 13.125, 15.25], "texture": "#Drunken2_atlas1"},
				"west": {"uv": [14.625, 14.125, 14.75, 14.25], "texture": "#Drunken2_atlas1"},
				"up": {"uv": [8.75, 15.25, 9.375, 15.125], "texture": "#Drunken2_atlas1"},
				"down": {"uv": [12.5, 15.25, 13.125, 15.375], "texture": "#Drunken2_atlas1"}
			}
		},
		{
			"name": "Voxels",
			"from": [8, 2.5, 1.5],
			"to": [9, 3, 2],
			"shade": false,
			"faces": {
				"north": {"uv": [12.25, 14.125, 12, 14.25], "texture": "#Drunken2_atlas1"},
				"east": {"uv": [9.875, 11.75, 9.75, 11.875], "texture": "#Drunken2_atlas1"},
				"south": {"uv": [12.25, 14.125, 12.5, 14.25], "texture": "#Drunken2_atlas1"},
				"west": {"uv": [9.75, 12.25, 9.875, 12.375], "texture": "#Drunken2_atlas1"},
				"up": {"uv": [11.75, 14.25, 12, 14.125], "texture": "#Drunken2_atlas1"},
				"down": {"uv": [11.5, 14.125, 11.75, 14.25], "texture": "#Drunken2_atlas1"}
			}
		},
		{
			"name": "Voxels",
			"from": [8, 2.5, 2.5],
			"to": [9, 3, 3],
			"shade": false,
			"faces": {
				"north": {"uv": [5.5, 9.375, 5.25, 9.5], "texture": "#Drunken2_atlas1"},
				"east": {"uv": [14.375, 14, 14.25, 14.125], "texture": "#Drunken2_atlas1"},
				"south": {"uv": [8.875, 8, 9.125, 8.125], "texture": "#Drunken2_atlas1"},
				"west": {"uv": [9.75, 9.625, 9.875, 9.75], "texture": "#Drunken2_atlas1"},
				"up": {"uv": [12.75, 14.25, 13, 14.125], "texture": "#Drunken2_atlas1"},
				"down": {"uv": [12.5, 14.125, 12.75, 14.25], "texture": "#Drunken2_atlas1"}
			}
		},
		{
			"name": "Voxels",
			"from": [8.5, -2, 13],
			"to": [9.5, -1.5, 16],
			"shade": false,
			"faces": {
				"north": {"uv": [15.75, 14.625, 15.5, 14.75], "texture": "#Drunken2_atlas1"},
				"east": {"uv": [8.5, 9.25, 7.75, 9.375], "texture": "#Drunken2_atlas1"},
				"south": {"uv": [9.5, 14.5, 9.75, 14.625], "texture": "#Drunken2_atlas1"},
				"west": {"uv": [7.75, 10.75, 8.5, 10.875], "texture": "#Drunken2_atlas1"},
				"up": {"uv": [3.875, 9.5, 4.125, 8.75], "texture": "#Drunken2_atlas1"},
				"down": {"uv": [4.125, 8.75, 4.375, 9.5], "texture": "#Drunken2_atlas1"}
			}
		},
		{
			"name": "Voxels",
			"from": [8.5, -0.5, 13],
			"to": [9.5, 0, 15.5],
			"shade": false,
			"faces": {
				"north": {"uv": [10.5, 14.5, 10.25, 14.625], "texture": "#Drunken2_atlas1"},
				"east": {"uv": [8.375, 8.125, 7.75, 8.25], "texture": "#Drunken2_atlas1"},
				"south": {"uv": [10.5, 14.5, 10.75, 14.625], "texture": "#Drunken2_atlas1"},
				"west": {"uv": [7.75, 8, 8.375, 8.125], "texture": "#Drunken2_atlas1"},
				"up": {"uv": [5, 10, 5.25, 9.375], "texture": "#Drunken2_atlas1"},
				"down": {"uv": [5.5, 10.875, 5.75, 11.5], "texture": "#Drunken2_atlas1"}
			}
		},
		{
			"name": "Voxels",
			"from": [8.5, 1, 12.5],
			"to": [9.5, 1.5, 13],
			"shade": false,
			"faces": {
				"north": {"uv": [11.5, 14.5, 11.25, 14.625], "texture": "#Drunken2_atlas1"},
				"east": {"uv": [9.875, 9.75, 9.75, 9.875], "texture": "#Drunken2_atlas1"},
				"south": {"uv": [11.5, 14.5, 11.75, 14.625], "texture": "#Drunken2_atlas1"},
				"west": {"uv": [9.75, 11, 9.875, 11.125], "texture": "#Drunken2_atlas1"},
				"up": {"uv": [11, 14.625, 11.25, 14.5], "texture": "#Drunken2_atlas1"},
				"down": {"uv": [10.75, 14.5, 11, 14.625], "texture": "#Drunken2_atlas1"}
			}
		},
		{
			"name": "Voxels",
			"from": [8.5, 1.5, 3],
			"to": [10.5, 2, 6],
			"shade": false,
			"faces": {
				"north": {"uv": [15.875, 15, 15.375, 15.125], "texture": "#Drunken2_atlas1"},
				"east": {"uv": [8.5, 13.375, 7.75, 13.5], "texture": "#Drunken2_atlas1"},
				"south": {"uv": [9.125, 14.875, 9.625, 15], "texture": "#Drunken2_atlas1"},
				"west": {"uv": [7.75, 13, 8.5, 13.125], "texture": "#Drunken2_atlas1"},
				"up": {"uv": [1.75, 10, 2.25, 9.25], "texture": "#Drunken2_atlas1"},
				"down": {"uv": [1.75, 10.5, 2.25, 11.25], "texture": "#Drunken2_atlas1"}
			}
		},
		{
			"name": "Voxels",
			"from": [9, -2, 1.5],
			"to": [11, -1.5, 2],
			"shade": false,
			"faces": {
				"north": {"uv": [12.625, 14.875, 12.125, 15], "texture": "#Drunken2_atlas1"},
				"east": {"uv": [9.875, 11.375, 9.75, 11.5], "texture": "#Drunken2_atlas1"},
				"south": {"uv": [13.125, 14.875, 13.625, 15], "texture": "#Drunken2_atlas1"},
				"west": {"uv": [9.75, 11.5, 9.875, 11.625], "texture": "#Drunken2_atlas1"},
				"up": {"uv": [11.625, 15, 12.125, 14.875], "texture": "#Drunken2_atlas1"},
				"down": {"uv": [10.125, 14.875, 10.625, 15], "texture": "#Drunken2_atlas1"}
			}
		},
		{
			"name": "Voxels",
			"from": [9, -1.5, 2],
			"to": [10, -1, 2.5],
			"shade": false,
			"faces": {
				"north": {"uv": [14.5, 14.5, 14.25, 14.625], "texture": "#Drunken2_atlas1"},
				"east": {"uv": [9.875, 9.125, 9.75, 9.25], "texture": "#Drunken2_atlas1"},
				"south": {"uv": [14.5, 14.5, 14.75, 14.625], "texture": "#Drunken2_atlas1"},
				"west": {"uv": [9.75, 9.375, 9.875, 9.5], "texture": "#Drunken2_atlas1"},
				"up": {"uv": [14, 14.625, 14.25, 14.5], "texture": "#Drunken2_atlas1"},
				"down": {"uv": [13.75, 14.5, 14, 14.625], "texture": "#Drunken2_atlas1"}
			}
		},
		{
			"name": "Voxels",
			"from": [9, -1.5, 2.5],
			"to": [9.5, -1, 3],
			"shade": false,
			"faces": {
				"north": {"uv": [10.875, 14, 10.75, 14.125], "texture": "#Drunken2_atlas1"},
				"east": {"uv": [11.875, 14, 11.75, 14.125], "texture": "#Drunken2_atlas1"},
				"south": {"uv": [11.125, 14, 11.25, 14.125], "texture": "#Drunken2_atlas1"},
				"west": {"uv": [11.5, 14, 11.625, 14.125], "texture": "#Drunken2_atlas1"},
				"up": {"uv": [9.75, 8.25, 9.875, 8.125], "texture": "#Drunken2_atlas1"},
				"down": {"uv": [9.75, 9, 9.875, 9.125], "texture": "#Drunken2_atlas1"}
			}
		},
		{
			"name": "Voxels",
			"from": [9, -1, 2],
			"to": [9.5, -0.5, 2.5],
			"shade": false,
			"faces": {
				"north": {"uv": [12.875, 14, 12.75, 14.125], "texture": "#Drunken2_atlas1"},
				"east": {"uv": [13.25, 14, 13.125, 14.125], "texture": "#Drunken2_atlas1"},
				"south": {"uv": [12.875, 14, 13, 14.125], "texture": "#Drunken2_atlas1"},
				"west": {"uv": [13, 14, 13.125, 14.125], "texture": "#Drunken2_atlas1"},
				"up": {"uv": [12.125, 14.125, 12.25, 14], "texture": "#Drunken2_atlas1"},
				"down": {"uv": [11.875, 14, 12, 14.125], "texture": "#Drunken2_atlas1"}
			}
		},
		{
			"name": "Voxels",
			"from": [9, -0.5, 1],
			"to": [10, 1, 1.5],
			"shade": false,
			"faces": {
				"north": {"uv": [7.75, 14.625, 7.5, 15], "texture": "#Drunken2_atlas1"},
				"east": {"uv": [9, 9.25, 8.875, 9.625], "texture": "#Drunken2_atlas1"},
				"south": {"uv": [7.25, 14.625, 7.5, 15], "texture": "#Drunken2_atlas1"},
				"west": {"uv": [9, 9.625, 9.125, 10], "texture": "#Drunken2_atlas1"},
				"up": {"uv": [15, 14.625, 15.25, 14.5], "texture": "#Drunken2_atlas1"},
				"down": {"uv": [14.75, 14.5, 15, 14.625], "texture": "#Drunken2_atlas1"}
			}
		},
		{
			"name": "Voxels",
			"from": [9, 0, 1.5],
			"to": [10, 1.5, 2],
			"shade": false,
			"faces": {
				"north": {"uv": [7, 10.5, 6.75, 10.875], "texture": "#Drunken2_atlas1"},
				"east": {"uv": [9, 8.875, 8.875, 9.25], "texture": "#Drunken2_atlas1"},
				"south": {"uv": [5.75, 13.875, 6, 14.25], "texture": "#Drunken2_atlas1"},
				"west": {"uv": [9, 9.25, 9.125, 9.625], "texture": "#Drunken2_atlas1"},
				"up": {"uv": [9.375, 14.5, 9.625, 14.375], "texture": "#Drunken2_atlas1"},
				"down": {"uv": [15.5, 14.5, 15.75, 14.625], "texture": "#Drunken2_atlas1"}
			}
		},
		{
			"name": "Voxels",
			"from": [9, 0, 2],
			"to": [9.5, 1.5, 2.5],
			"shade": false,
			"faces": {
				"north": {"uv": [9.125, 8.875, 9, 9.25], "texture": "#Drunken2_atlas1"},
				"east": {"uv": [9, 8.125, 8.875, 8.5], "texture": "#Drunken2_atlas1"},
				"south": {"uv": [8.875, 8.5, 9, 8.875], "texture": "#Drunken2_atlas1"},
				"west": {"uv": [9, 8.5, 9.125, 8.875], "texture": "#Drunken2_atlas1"},
				"up": {"uv": [9.75, 11.25, 9.875, 11.125], "texture": "#Drunken2_atlas1"},
				"down": {"uv": [9.75, 11.25, 9.875, 11.375], "texture": "#Drunken2_atlas1"}
			}
		},
		{
			"name": "Voxels",
			"from": [9, 0, 13.5],
			"to": [10, 0.5, 15.5],
			"shade": false,
			"faces": {
				"north": {"uv": [11.125, 14.375, 10.875, 14.5], "texture": "#Drunken2_atlas1"},
				"east": {"uv": [10.125, 14.875, 9.625, 15], "texture": "#Drunken2_atlas1"},
				"south": {"uv": [11.125, 14.375, 11.375, 14.5], "texture": "#Drunken2_atlas1"},
				"west": {"uv": [1.25, 10.875, 1.75, 11], "texture": "#Drunken2_atlas1"},
				"up": {"uv": [6.875, 12.5, 7.125, 12], "texture": "#Drunken2_atlas1"},
				"down": {"uv": [6, 10.375, 6.25, 10.875], "texture": "#Drunken2_atlas1"}
			}
		},
		{
			"name": "Voxels",
			"from": [9, 0.5, 2.5],
			"to": [11, 1, 3],
			"shade": false,
			"faces": {
				"north": {"uv": [14.25, 15.125, 13.75, 15.25], "texture": "#Drunken2_atlas1"},
				"east": {"uv": [11.125, 14, 11, 14.125], "texture": "#Drunken2_atlas1"},
				"south": {"uv": [14.75, 15.125, 15.25, 15.25], "texture": "#Drunken2_atlas1"},
				"west": {"uv": [10.875, 14, 11, 14.125], "texture": "#Drunken2_atlas1"},
				"up": {"uv": [5.125, 14.375, 5.625, 14.25], "texture": "#Drunken2_atlas1"},
				"down": {"uv": [1.25, 10, 1.75, 10.125], "texture": "#Drunken2_atlas1"}
			}
		},
		{
			"name": "Voxels",
			"from": [9.5, -2, 0],
			"to": [10.5, -1.5, 0.5],
			"shade": false,
			"faces": {
				"north": {"uv": [13.125, 14.375, 12.875, 14.5], "texture": "#Drunken2_atlas1"},
				"east": {"uv": [10, 13.5, 9.875, 13.625], "texture": "#Drunken2_atlas1"},
				"south": {"uv": [13.125, 14.375, 13.375, 14.5], "texture": "#Drunken2_atlas1"},
				"west": {"uv": [12, 14, 12.125, 14.125], "texture": "#Drunken2_atlas1"},
				"up": {"uv": [12.625, 14.5, 12.875, 14.375], "texture": "#Drunken2_atlas1"},
				"down": {"uv": [12.375, 14.375, 12.625, 14.5], "texture": "#Drunken2_atlas1"}
			}
		},
		{
			"name": "Voxels",
			"from": [9.5, -2, 10],
			"to": [10.5, -1.5, 12],
			"shade": false,
			"faces": {
				"north": {"uv": [13.625, 14.375, 13.375, 14.5], "texture": "#Drunken2_atlas1"},
				"east": {"uv": [9.875, 15, 9.375, 15.125], "texture": "#Drunken2_atlas1"},
				"south": {"uv": [13.625, 14.375, 13.875, 14.5], "texture": "#Drunken2_atlas1"},
				"west": {"uv": [8.875, 15, 9.375, 15.125], "texture": "#Drunken2_atlas1"},
				"up": {"uv": [6.5, 13.25, 6.75, 12.75], "texture": "#Drunken2_atlas1"},
				"down": {"uv": [6.75, 12.75, 7, 13.25], "texture": "#Drunken2_atlas1"}
			}
		},
		{
			"name": "Voxels",
			"from": [9.5, -1.5, 0.5],
			"to": [11, -1, 1],
			"shade": false,
			"faces": {
				"north": {"uv": [15.125, 14.75, 14.75, 14.875], "texture": "#Drunken2_atlas1"},
				"east": {"uv": [14, 14, 13.875, 14.125], "texture": "#Drunken2_atlas1"},
				"south": {"uv": [15.125, 14.75, 15.5, 14.875], "texture": "#Drunken2_atlas1"},
				"west": {"uv": [13.75, 14, 13.875, 14.125], "texture": "#Drunken2_atlas1"},
				"up": {"uv": [14.375, 14.875, 14.75, 14.75], "texture": "#Drunken2_atlas1"},
				"down": {"uv": [14, 14.75, 14.375, 14.875], "texture": "#Drunken2_atlas1"}
			}
		},
		{
			"name": "Voxels",
			"from": [9.5, 0, 12.5],
			"to": [10, 0.5, 13.5],
			"shade": false,
			"faces": {
				"north": {"uv": [14.625, 14, 14.5, 14.125], "texture": "#Drunken2_atlas1"},
				"east": {"uv": [14.625, 14.375, 14.375, 14.5], "texture": "#Drunken2_atlas1"},
				"south": {"uv": [14.875, 14, 15, 14.125], "texture": "#Drunken2_atlas1"},
				"west": {"uv": [13.875, 14.375, 14.125, 14.5], "texture": "#Drunken2_atlas1"},
				"up": {"uv": [9.25, 10.75, 9.375, 10.5], "texture": "#Drunken2_atlas1"},
				"down": {"uv": [9.25, 10.75, 9.375, 11], "texture": "#Drunken2_atlas1"}
			}
		},
		{
			"name": "Voxels",
			"from": [9.5, 0, 15.5],
			"to": [10, 0.5, 16],
			"shade": false,
			"faces": {
				"north": {"uv": [10, 13.875, 9.875, 14], "texture": "#Drunken2_atlas1"},
				"east": {"uv": [15, 14.125, 14.875, 14.25], "texture": "#Drunken2_atlas1"},
				"south": {"uv": [9.875, 13.75, 10, 13.875], "texture": "#Drunken2_atlas1"},
				"west": {"uv": [9.875, 13.625, 10, 13.75], "texture": "#Drunken2_atlas1"},
				"up": {"uv": [15.625, 14.125, 15.75, 14], "texture": "#Drunken2_atlas1"},
				"down": {"uv": [15.5, 14, 15.625, 14.125], "texture": "#Drunken2_atlas1"}
			}
		},
		{
			"name": "Voxels",
			"from": [9.5, 0.5, 0.5],
			"to": [11, 1, 1],
			"shade": false,
			"faces": {
				"north": {"uv": [9.875, 14.625, 9.5, 14.75], "texture": "#Drunken2_atlas1"},
				"east": {"uv": [15.75, 14.125, 15.625, 14.25], "texture": "#Drunken2_atlas1"},
				"south": {"uv": [9.875, 14.625, 10.25, 14.75], "texture": "#Drunken2_atlas1"},
				"west": {"uv": [15.5, 14.125, 15.625, 14.25], "texture": "#Drunken2_atlas1"},
				"up": {"uv": [9.125, 14.75, 9.5, 14.625], "texture": "#Drunken2_atlas1"},
				"down": {"uv": [15.5, 14.75, 15.875, 14.875], "texture": "#Drunken2_atlas1"}
			}
		},
		{
			"name": "Voxels",
			"from": [9.5, 0.5, 2],
			"to": [10, 1, 2.5],
			"shade": false,
			"faces": {
				"north": {"uv": [9.875, 13, 9.75, 13.125], "texture": "#Drunken2_atlas1"},
				"east": {"uv": [9.875, 12.625, 9.75, 12.75], "texture": "#Drunken2_atlas1"},
				"south": {"uv": [9.75, 12.875, 9.875, 13], "texture": "#Drunken2_atlas1"},
				"west": {"uv": [9.75, 12.75, 9.875, 12.875], "texture": "#Drunken2_atlas1"},
				"up": {"uv": [15.875, 14.25, 16, 14.125], "texture": "#Drunken2_atlas1"},
				"down": {"uv": [15.75, 14.125, 15.875, 14.25], "texture": "#Drunken2_atlas1"}
			}
		},
		{
			"name": "Voxels",
			"from": [9.5, 1, 10],
			"to": [10.5, 1.5, 10.5],
			"shade": false,
			"faces": {
				"north": {"uv": [15.375, 14.375, 15.125, 14.5], "texture": "#Drunken2_atlas1"},
				"east": {"uv": [9.875, 11.875, 9.75, 12], "texture": "#Drunken2_atlas1"},
				"south": {"uv": [15.375, 14.375, 15.625, 14.5], "texture": "#Drunken2_atlas1"},
				"west": {"uv": [9.75, 12, 9.875, 12.125], "texture": "#Drunken2_atlas1"},
				"up": {"uv": [14.875, 14.5, 15.125, 14.375], "texture": "#Drunken2_atlas1"},
				"down": {"uv": [14.625, 14.375, 14.875, 14.5], "texture": "#Drunken2_atlas1"}
			}
		},
		{
			"name": "Voxels",
			"from": [10, -2, 2],
			"to": [11, -1.5, 3],
			"shade": false,
			"faces": {
				"north": {"uv": [9.625, 14.125, 9.375, 14.25], "texture": "#Drunken2_atlas1"},
				"east": {"uv": [9.625, 13.25, 9.375, 13.375], "texture": "#Drunken2_atlas1"},
				"south": {"uv": [9.375, 13.5, 9.625, 13.625], "texture": "#Drunken2_atlas1"},
				"west": {"uv": [9.375, 13.375, 9.625, 13.5], "texture": "#Drunken2_atlas1"},
				"up": {"uv": [8.875, 15, 9.125, 14.75], "texture": "#Drunken2_atlas1"},
				"down": {"uv": [8.375, 8, 8.625, 8.25], "texture": "#Drunken2_atlas1"}
			}
		},
		{
			"name": "Voxels",
			"from": [10, -2, 3],
			"to": [10.5, 1.5, 10],
			"shade": false,
			"faces": {
				"north": {"uv": [7.25, 14.125, 7.125, 15], "texture": "#Drunken2_atlas1"},
				"east": {"uv": [1.75, 14.25, 0, 15.125], "texture": "#Drunken2_atlas1"},
				"south": {"uv": [4.625, 11.25, 4.75, 12.125], "texture": "#Drunken2_atlas1"},
				"west": {"uv": [0, 15.125, 1.75, 16], "texture": "#Drunken2_atlas1"},
				"up": {"uv": [3.75, 10, 3.875, 8.25], "texture": "#Drunken2_atlas1"},
				"down": {"uv": [3.625, 8.5, 3.75, 10.25], "texture": "#Drunken2_atlas1"}
			}
		},
		{
			"name": "Voxels",
			"from": [10, -1.5, 0],
			"to": [10.5, -0.5, 0.5],
			"shade": false,
			"faces": {
				"north": {"uv": [9.5, 12, 9.375, 12.25], "texture": "#Drunken2_atlas1"},
				"east": {"uv": [9.625, 11.75, 9.5, 12], "texture": "#Drunken2_atlas1"},
				"south": {"uv": [9.5, 12, 9.625, 12.25], "texture": "#Drunken2_atlas1"},
				"west": {"uv": [9.375, 11.75, 9.5, 12], "texture": "#Drunken2_atlas1"},
				"up": {"uv": [9.75, 10.25, 9.875, 10.125], "texture": "#Drunken2_atlas1"},
				"down": {"uv": [9.75, 10.25, 9.875, 10.375], "texture": "#Drunken2_atlas1"}
			}
		},
		{
			"name": "Voxels",
			"from": [10, -1.5, 2.5],
			"to": [11, 0.5, 3],
			"shade": false,
			"faces": {
				"north": {"uv": [6.25, 12.75, 6, 13.25], "texture": "#Drunken2_atlas1"},
				"east": {"uv": [9.125, 11.75, 9, 12.25], "texture": "#Drunken2_atlas1"},
				"south": {"uv": [6.25, 12.75, 6.5, 13.25], "texture": "#Drunken2_atlas1"},
				"west": {"uv": [8.875, 11.75, 9, 12.25], "texture": "#Drunken2_atlas1"},
				"up": {"uv": [9.375, 11.625, 9.625, 11.5], "texture": "#Drunken2_atlas1"},
				"down": {"uv": [9.375, 11.625, 9.625, 11.75], "texture": "#Drunken2_atlas1"}
			}
		},
		{
			"name": "Voxels",
			"from": [10, -1.5, 10],
			"to": [10.5, 1, 12],
			"shade": false,
			"faces": {
				"north": {"uv": [8.75, 11, 8.625, 11.625], "texture": "#Drunken2_atlas1"},
				"east": {"uv": [3.625, 10.5, 3.125, 11.125], "texture": "#Drunken2_atlas1"},
				"south": {"uv": [8.625, 10.375, 8.75, 11], "texture": "#Drunken2_atlas1"},
				"west": {"uv": [2.625, 10.5, 3.125, 11.125], "texture": "#Drunken2_atlas1"},
				"up": {"uv": [9, 11.75, 9.125, 11.25], "texture": "#Drunken2_atlas1"},
				"down": {"uv": [8.875, 11.25, 9, 11.75], "texture": "#Drunken2_atlas1"}
			}
		},
		{
			"name": "Voxels",
			"from": [10, -1.5, 17.5],
			"to": [10.5, -1, 18],
			"shade": false,
			"faces": {
				"north": {"uv": [10.125, 14, 10, 14.125], "texture": "#Drunken2_atlas1"},
				"east": {"uv": [10.5, 14, 10.375, 14.125], "texture": "#Drunken2_atlas1"},
				"south": {"uv": [10.125, 14, 10.25, 14.125], "texture": "#Drunken2_atlas1"},
				"west": {"uv": [10.25, 14, 10.375, 14.125], "texture": "#Drunken2_atlas1"},
				"up": {"uv": [9.875, 14.125, 10, 14], "texture": "#Drunken2_atlas1"},
				"down": {"uv": [9.75, 8, 9.875, 8.125], "texture": "#Drunken2_atlas1"}
			}
		},
		{
			"name": "Voxels",
			"from": [10, -0.5, 16],
			"to": [10.5, 0.5, 16.5],
			"shade": false,
			"faces": {
				"north": {"uv": [9.625, 10.25, 9.5, 10.5], "texture": "#Drunken2_atlas1"},
				"east": {"uv": [9.5, 8.625, 9.375, 8.875], "texture": "#Drunken2_atlas1"},
				"south": {"uv": [9.375, 9.875, 9.5, 10.125], "texture": "#Drunken2_atlas1"},
				"west": {"uv": [9.5, 9.875, 9.625, 10.125], "texture": "#Drunken2_atlas1"},
				"up": {"uv": [10.625, 14.125, 10.75, 14], "texture": "#Drunken2_atlas1"},
				"down": {"uv": [10.5, 14, 10.625, 14.125], "texture": "#Drunken2_atlas1"}
			}
		},
		{
			"name": "Voxels",
			"from": [10, 0, 0],
			"to": [10.5, 1.5, 0.5],
			"shade": false,
			"faces": {
				"north": {"uv": [9.25, 11.625, 9.125, 12], "texture": "#Drunken2_atlas1"},
				"east": {"uv": [9.25, 10.5, 9.125, 10.875], "texture": "#Drunken2_atlas1"},
				"south": {"uv": [9.125, 11.25, 9.25, 11.625], "texture": "#Drunken2_atlas1"},
				"west": {"uv": [9.125, 10.875, 9.25, 11.25], "texture": "#Drunken2_atlas1"},
				"up": {"uv": [11.375, 14.125, 11.5, 14], "texture": "#Drunken2_atlas1"},
				"down": {"uv": [11.25, 14, 11.375, 14.125], "texture": "#Drunken2_atlas1"}
			}
		},
		{
			"name": "Voxels",
			"from": [10, 0.5, 1],
			"to": [11, 1, 1.5],
			"shade": false,
			"faces": {
				"north": {"uv": [10.25, 14.25, 10, 14.375], "texture": "#Drunken2_atlas1"},
				"east": {"uv": [12.75, 14, 12.625, 14.125], "texture": "#Drunken2_atlas1"},
				"south": {"uv": [10.25, 14.25, 10.5, 14.375], "texture": "#Drunken2_atlas1"},
				"west": {"uv": [12.5, 14, 12.625, 14.125], "texture": "#Drunken2_atlas1"},
				"up": {"uv": [9.75, 14.375, 10, 14.25], "texture": "#Drunken2_atlas1"},
				"down": {"uv": [9.375, 8, 9.625, 8.125], "texture": "#Drunken2_atlas1"}
			}
		},
		{
			"name": "Voxels",
			"from": [10, 1, 1.5],
			"to": [11, 1.5, 3],
			"shade": false,
			"faces": {
				"north": {"uv": [12, 14.25, 11.75, 14.375], "texture": "#Drunken2_atlas1"},
				"east": {"uv": [13.25, 14.625, 12.875, 14.75], "texture": "#Drunken2_atlas1"},
				"south": {"uv": [12, 14.25, 12.25, 14.375], "texture": "#Drunken2_atlas1"},
				"west": {"uv": [12.5, 14.625, 12.875, 14.75], "texture": "#Drunken2_atlas1"},
				"up": {"uv": [7.5, 9.125, 7.75, 8.75], "texture": "#Drunken2_atlas1"},
				"down": {"uv": [7.25, 8.75, 7.5, 9.125], "texture": "#Drunken2_atlas1"}
			}
		},
		{
			"name": "Voxels",
			"from": [10.5, -6.5, 0.5],
			"to": [11, -2.5, 1.5],
			"shade": false,
			"faces": {
				"north": {"uv": [6.625, 11.75, 6.5, 12.75], "texture": "#Drunken2_atlas1"},
				"east": {"uv": [4.375, 13.25, 4.125, 14.25], "texture": "#Drunken2_atlas1"},
				"south": {"uv": [7.125, 15, 7.25, 16], "texture": "#Drunken2_atlas1"},
				"west": {"uv": [3.875, 13.25, 4.125, 14.25], "texture": "#Drunken2_atlas1"},
				"up": {"uv": [9.625, 11.875, 9.75, 11.625], "texture": "#Drunken2_atlas1"},
				"down": {"uv": [9.625, 11.875, 9.75, 12.125], "texture": "#Drunken2_atlas1"}
			}
		},
		{
			"name": "Voxels",
			"from": [10.5, -1.5, 1.5],
			"to": [11, 1, 2.5],
			"shade": false,
			"faces": {
				"north": {"uv": [8.75, 9.75, 8.625, 10.375], "texture": "#Drunken2_atlas1"},
				"east": {"uv": [6, 10.875, 5.75, 11.5], "texture": "#Drunken2_atlas1"},
				"south": {"uv": [8.625, 9.125, 8.75, 9.75], "texture": "#Drunken2_atlas1"},
				"west": {"uv": [5.25, 10.875, 5.5, 11.5], "texture": "#Drunken2_atlas1"},
				"up": {"uv": [9.625, 11.125, 9.75, 10.875], "texture": "#Drunken2_atlas1"},
				"down": {"uv": [9.625, 11.125, 9.75, 11.375], "texture": "#Drunken2_atlas1"}
			}
		},
		{
			"name": "Voxels",
			"from": [10.5, -0.5, 1],
			"to": [11, 0.5, 1.5],
			"shade": false,
			"faces": {
				"north": {"uv": [9.75, 9.875, 9.625, 10.125], "texture": "#Drunken2_atlas1"},
				"east": {"uv": [9.75, 8.875, 9.625, 9.125], "texture": "#Drunken2_atlas1"},
				"south": {"uv": [9.625, 9.625, 9.75, 9.875], "texture": "#Drunken2_atlas1"},
				"west": {"uv": [9.625, 9.125, 9.75, 9.375], "texture": "#Drunken2_atlas1"},
				"up": {"uv": [15.125, 14.125, 15.25, 14], "texture": "#Drunken2_atlas1"},
				"down": {"uv": [15, 14, 15.125, 14.125], "texture": "#Drunken2_atlas1"}
			}
		},
		{
			"name": "Voxels",
			"from": [11, -1, 2],
			"to": [11.5, 0.5, 2.5],
			"shade": false,
			"faces": {
				"north": {"uv": [9.25, 9.375, 9.125, 9.75], "texture": "#Drunken2_atlas1"},
				"east": {"uv": [7.125, 10.5, 7, 10.875], "texture": "#Drunken2_atlas1"},
				"south": {"uv": [9.125, 9, 9.25, 9.375], "texture": "#Drunken2_atlas1"},
				"west": {"uv": [9.125, 8.625, 9.25, 9], "texture": "#Drunken2_atlas1"},
				"up": {"uv": [15.875, 14.125, 16, 14], "texture": "#Drunken2_atlas1"},
				"down": {"uv": [15.75, 14, 15.875, 14.125], "texture": "#Drunken2_atlas1"}
			}
		}
	],
	"gui_light": "front",
	"display": {
		"thirdperson_righthand": {
			"translation": [0, 10.75, -0.5]
		},
		"thirdperson_lefthand": {
			"translation": [0, 10, -1.25]
		},
		"firstperson_righthand": {
			"translation": [-2, 11.75, 3.5]
		},
		"firstperson_lefthand": {
			"rotation": [8, 0, 0],
			"translation": [-10, 11.25, 6.5]
		},
		"ground": {
			"translation": [0, 10, 0],
			"scale": [0.8, 0.8, 0.8]
		},
		"gui": {
			"rotation": [-90, -135, -90],
			"translation": [-5.75, 5, 0],
			"scale": [0.8, 0.8, 0.8]
		},
		"fixed": {
			"rotation": [0, 90, 0],
			"translation": [-1, 9.25, 1.25]
		}
	}
}