{
	"credit": "Designed by ThePatriotsFan",
	"textures": {
		"0": "guns/rpgloaded_atlas",
		"particle": "guns/rpgloaded_atlas"
	},
	"elements": [
		{
			"name": "Voxels",
			"from": [7.0476, 7.8095, 13.7143],
			"to": [8.95236, 8.19045, 13.90478],
			"faces": {
				"north": {"uv": [2.25, 8.5, 1, 8.75], "texture": "#0"},
				"east": {"uv": [8.75, 8.25, 8.625, 8.5], "texture": "#0"},
				"south": {"uv": [1, 8.25, 2.25, 8.5], "texture": "#0"},
				"west": {"uv": [9, 12.875, 9.125, 13.125], "texture": "#0"},
				"up": {"uv": [4.875, 16, 6.125, 15.875], "texture": "#0"},
				"down": {"uv": [3.5, 8.875, 4.75, 9], "texture": "#0"}
			}
		},
		{
			"name": "Voxels",
			"from": [7.0476, 8.1905, 13.7143],
			"to": [7.80951, 8.95241, 13.90478],
			"faces": {
				"north": {"uv": [4.25, 14, 3.75, 14.5], "texture": "#0"},
				"east": {"uv": [4.875, 8, 4.75, 8.5], "texture": "#0"},
				"south": {"uv": [3.75, 13.5, 4.25, 14], "texture": "#0"},
				"west": {"uv": [4.75, 14.5, 4.875, 15], "texture": "#0"},
				"up": {"uv": [4.375, 9.125, 4.875, 9], "texture": "#0"},
				"down": {"uv": [4.375, 9.125, 4.875, 9.25], "texture": "#0"}
			}
		},
		{
			"name": "Voxels",
			"from": [7.0476, 8.1905, 13.9048],
			"to": [7.61903, 8.76193, 14.09528],
			"faces": {
				"north": {"uv": [4.875, 11.125, 4.5, 11.5], "texture": "#0"},
				"east": {"uv": [2.75, 8.125, 2.625, 8.5], "texture": "#0"},
				"south": {"uv": [4.5, 11.5, 4.875, 11.875], "texture": "#0"},
				"west": {"uv": [4.75, 11.875, 4.875, 12.25], "texture": "#0"},
				"up": {"uv": [6.125, 8.125, 6.5, 8], "texture": "#0"},
				"down": {"uv": [6.75, 14.125, 7.125, 14.25], "texture": "#0"}
			}
		},
		{
			"name": "Voxels",
			"from": [7.2381, 7.619, 13.7143],
			"to": [8.76191, 7.80948, 13.90478],
			"faces": {
				"north": {"uv": [7.125, 15.25, 6.125, 15.375], "texture": "#0"},
				"east": {"uv": [7.125, 11.375, 7, 11.5], "texture": "#0"},
				"south": {"uv": [6.125, 15.125, 7.125, 15.25], "texture": "#0"},
				"west": {"uv": [7, 11.25, 7.125, 11.375], "texture": "#0"},
				"up": {"uv": [6.125, 16, 7.125, 15.875], "texture": "#0"},
				"down": {"uv": [5, 8.5, 6, 8.625], "texture": "#0"}
			}
		},
		{
			"name": "Voxels",
			"from": [7.2381, 7.8095, 13.9048],
			"to": [8.76191, 8.19045, 14.09528],
			"faces": {
				"north": {"uv": [2.25, 12.875, 1.25, 13.125], "texture": "#0"},
				"east": {"uv": [8.875, 13.125, 8.75, 13.375], "texture": "#0"},
				"south": {"uv": [2.75, 14.5, 3.75, 14.75], "texture": "#0"},
				"west": {"uv": [8.625, 8, 8.75, 8.25], "texture": "#0"},
				"up": {"uv": [6.125, 14, 7.125, 13.875], "texture": "#0"},
				"down": {"uv": [6.125, 14, 7.125, 14.125], "texture": "#0"}
			}
		},
		{
			"name": "Voxels",
			"from": [7.2381, 8, 13.5238],
			"to": [8.76191, 8.38095, 13.71428],
			"faces": {
				"north": {"uv": [3.25, 13.25, 2.25, 13.5], "texture": "#0"},
				"east": {"uv": [8.875, 12.875, 8.75, 13.125], "texture": "#0"},
				"south": {"uv": [2.75, 14.75, 3.75, 15], "texture": "#0"},
				"west": {"uv": [8.875, 13.125, 9, 13.375], "texture": "#0"},
				"up": {"uv": [3.75, 9.5, 4.75, 9.375], "texture": "#0"},
				"down": {"uv": [3.75, 15, 4.75, 15.125], "texture": "#0"}
			}
		},
		{
			"name": "Voxels",
			"from": [7.2381, 8.1905, 5.1429],
			"to": [8.76191, 8.76193, 5.33338],
			"faces": {
				"north": {"uv": [1.5, 10.25, 0.5, 10.625], "texture": "#0"},
				"east": {"uv": [8.125, 13.125, 8, 13.5], "texture": "#0"},
				"south": {"uv": [1.25, 13.125, 2.25, 13.5], "texture": "#0"},
				"west": {"uv": [7, 14.25, 7.125, 14.625], "texture": "#0"},
				"up": {"uv": [5.125, 15.875, 6.125, 15.75], "texture": "#0"},
				"down": {"uv": [3.75, 9.25, 4.75, 9.375], "texture": "#0"}
			}
		},
		{
			"name": "Voxels",
			"from": [7.2381, 8.1905, 7.0476],
			"to": [8.57143, 8.38098, 7.61903],
			"faces": {
				"north": {"uv": [7.125, 12.375, 6.25, 12.5], "texture": "#0"},
				"east": {"uv": [16, 15.5, 15.625, 15.625], "texture": "#0"},
				"south": {"uv": [6.25, 12.5, 7.125, 12.625], "texture": "#0"},
				"west": {"uv": [15.625, 15.625, 16, 15.75], "texture": "#0"},
				"up": {"uv": [1, 9.125, 1.875, 8.75], "texture": "#0"},
				"down": {"uv": [1, 9.125, 1.875, 9.5], "texture": "#0"}
			}
		},
		{
			"name": "Voxels",
			"from": [7.2381, 8.1905, 7.619],
			"to": [7.80953, 8.38098, 8.19043],
			"faces": {
				"north": {"uv": [16, 15.375, 15.625, 15.5], "texture": "#0"},
				"east": {"uv": [9.375, 15.25, 9, 15.375], "texture": "#0"},
				"south": {"uv": [8.125, 8, 8.5, 8.125], "texture": "#0"},
				"west": {"uv": [8.625, 15.25, 9, 15.375], "texture": "#0"},
				"up": {"uv": [1.875, 9.125, 2.25, 8.75], "texture": "#0"},
				"down": {"uv": [4.5, 15.375, 4.875, 15.75], "texture": "#0"}
			}
		},
		{
			"name": "Voxels",
			"from": [7.2381, 8.1905, 13.3333],
			"to": [8.76191, 8.38098, 13.52378],
			"faces": {
				"north": {"uv": [5.875, 14.375, 4.875, 14.5], "texture": "#0"},
				"east": {"uv": [5, 8, 4.875, 8.125], "texture": "#0"},
				"south": {"uv": [4.875, 14.25, 5.875, 14.375], "texture": "#0"},
				"west": {"uv": [7, 11.625, 7.125, 11.75], "texture": "#0"},
				"up": {"uv": [4.875, 14.625, 5.875, 14.5], "texture": "#0"},
				"down": {"uv": [4.875, 14.625, 5.875, 14.75], "texture": "#0"}
			}
		},
		{
			"name": "Voxels",
			"from": [7.2381, 8.381, 13.3333],
			"to": [7.80953, 8.57148, 13.71425],
			"faces": {
				"north": {"uv": [9.75, 15.25, 9.375, 15.375], "texture": "#0"},
				"east": {"uv": [9, 12.625, 8.75, 12.75], "texture": "#0"},
				"south": {"uv": [9.75, 15.25, 10.125, 15.375], "texture": "#0"},
				"west": {"uv": [8.75, 12.75, 9, 12.875], "texture": "#0"},
				"up": {"uv": [4.5, 10.25, 4.875, 10], "texture": "#0"},
				"down": {"uv": [4.5, 12.25, 4.875, 12.5], "texture": "#0"}
			}
		},
		{
			"name": "Voxels",
			"from": [7.2381, 8.5714, 13.5238],
			"to": [8.76191, 8.95235, 13.71428],
			"faces": {
				"north": {"uv": [3.75, 14, 2.75, 14.25], "texture": "#0"},
				"east": {"uv": [8.875, 12.375, 8.75, 12.625], "texture": "#0"},
				"south": {"uv": [2.75, 14.25, 3.75, 14.5], "texture": "#0"},
				"west": {"uv": [8.875, 12.875, 9, 13.125], "texture": "#0"},
				"up": {"uv": [4.875, 13.375, 5.875, 13.25], "texture": "#0"},
				"down": {"uv": [4.875, 13.625, 5.875, 13.75], "texture": "#0"}
			}
		},
		{
			"name": "Voxels",
			"from": [7.2381, 8.7619, 13.9048],
			"to": [8.76191, 9.14285, 14.09528],
			"faces": {
				"north": {"uv": [4.25, 13.25, 3.25, 13.5], "texture": "#0"},
				"east": {"uv": [8.875, 12.125, 8.75, 12.375], "texture": "#0"},
				"south": {"uv": [2.75, 13, 3.75, 13.25], "texture": "#0"},
				"west": {"uv": [8.875, 12.375, 9, 12.625], "texture": "#0"},
				"up": {"uv": [4.875, 12.75, 5.875, 12.625], "texture": "#0"},
				"down": {"uv": [5.125, 13.125, 6.125, 13.25], "texture": "#0"}
			}
		},
		{
			"name": "Voxels",
			"from": [7.2381, 8.9524, 13.7143],
			"to": [8.76191, 9.14288, 13.90478],
			"faces": {
				"north": {"uv": [6.125, 12.125, 5.125, 12.25], "texture": "#0"},
				"east": {"uv": [4.875, 15, 4.75, 15.125], "texture": "#0"},
				"south": {"uv": [4.875, 12, 5.875, 12.125], "texture": "#0"},
				"west": {"uv": [4.75, 8.875, 4.875, 9], "texture": "#0"},
				"up": {"uv": [5.125, 12.375, 6.125, 12.25], "texture": "#0"},
				"down": {"uv": [5.125, 12.375, 6.125, 12.5], "texture": "#0"}
			}
		},
		{
			"name": "Voxels",
			"from": [7.4286, 7.4286, 13.7143],
			"to": [8.57146, 7.61908, 13.90478],
			"faces": {
				"north": {"uv": [6.875, 9.375, 6.125, 9.5], "texture": "#0"},
				"east": {"uv": [9.375, 11.375, 9.25, 11.5], "texture": "#0"},
				"south": {"uv": [6.125, 9.25, 6.875, 9.375], "texture": "#0"},
				"west": {"uv": [9.25, 11, 9.375, 11.125], "texture": "#0"},
				"up": {"uv": [6.125, 9.625, 6.875, 9.5], "texture": "#0"},
				"down": {"uv": [6.125, 9.625, 6.875, 9.75], "texture": "#0"}
			}
		},
		{
			"name": "Voxels",
			"from": [7.4286, 7.619, 13.9048],
			"to": [8.57146, 7.80948, 14.09528],
			"faces": {
				"north": {"uv": [6.875, 8.75, 6.125, 8.875], "texture": "#0"},
				"east": {"uv": [9.375, 13.75, 9.25, 13.875], "texture": "#0"},
				"south": {"uv": [6.125, 8.625, 6.875, 8.75], "texture": "#0"},
				"west": {"uv": [9.25, 13.125, 9.375, 13.25], "texture": "#0"},
				"up": {"uv": [6.125, 9, 6.875, 8.875], "texture": "#0"},
				"down": {"uv": [6.125, 9, 6.875, 9.125], "texture": "#0"}
			}
		},
		{
			"name": "Voxels",
			"from": [7.4286, 7.8095, 5.1429],
			"to": [8.57146, 8.19045, 5.33338],
			"faces": {
				"north": {"uv": [3.875, 10.5, 3.125, 10.75], "texture": "#0"},
				"east": {"uv": [8.875, 11.875, 8.75, 12.125], "texture": "#0"},
				"south": {"uv": [3.875, 10.25, 4.625, 10.5], "texture": "#0"},
				"west": {"uv": [8.875, 12.125, 9, 12.375], "texture": "#0"},
				"up": {"uv": [7.125, 15.875, 7.875, 15.75], "texture": "#0"},
				"down": {"uv": [7.125, 15.875, 7.875, 16], "texture": "#0"}
			}
		},
		{
			"name": "Voxels",
			"from": [7.4286, 7.8095, 13.3333],
			"to": [8.57146, 8.19045, 13.52378],
			"faces": {
				"north": {"uv": [4, 11.125, 3.25, 11.375], "texture": "#0"},
				"east": {"uv": [8.875, 11.625, 8.75, 11.875], "texture": "#0"},
				"south": {"uv": [3.75, 10.875, 4.5, 11.125], "texture": "#0"},
				"west": {"uv": [8.875, 11.875, 9, 12.125], "texture": "#0"},
				"up": {"uv": [7.125, 15.5, 7.875, 15.375], "texture": "#0"},
				"down": {"uv": [7.125, 15.5, 7.875, 15.625], "texture": "#0"}
			}
		},
		{
			"name": "Voxels",
			"from": [7.4286, 7.8095, 13.5238],
			"to": [8.57146, 7.99998, 13.71428],
			"faces": {
				"north": {"uv": [7.875, 14.25, 7.125, 14.375], "texture": "#0"},
				"east": {"uv": [9.25, 8.125, 9.125, 8.25], "texture": "#0"},
				"south": {"uv": [7.125, 14.125, 7.875, 14.25], "texture": "#0"},
				"west": {"uv": [9.25, 13.875, 9.375, 14], "texture": "#0"},
				"up": {"uv": [7.125, 14.5, 7.875, 14.375], "texture": "#0"},
				"down": {"uv": [7.125, 14.5, 7.875, 14.625], "texture": "#0"}
			}
		},
		{
			"name": "Voxels",
			"from": [7.4286, 8, 2.6667],
			"to": [8.57146, 8.19048, 3.61908],
			"faces": {
				"north": {"uv": [7.875, 14, 7.125, 14.125], "texture": "#0"},
				"east": {"uv": [7.75, 10, 7.125, 10.125], "texture": "#0"},
				"south": {"uv": [7.125, 13.875, 7.875, 14], "texture": "#0"},
				"west": {"uv": [7.125, 10.125, 7.75, 10.25], "texture": "#0"},
				"up": {"uv": [0.5, 13.5, 1.25, 12.875], "texture": "#0"},
				"down": {"uv": [1.125, 13.625, 1.875, 14.25], "texture": "#0"}
			}
		},
		{
			"name": "Voxels",
			"from": [7.4286, 8, 5.3333],
			"to": [8.57146, 8.76191, 5.52378],
			"faces": {
				"north": {"uv": [2.25, 11.375, 1.5, 11.875], "texture": "#0"},
				"east": {"uv": [7.875, 9.5, 7.75, 10], "texture": "#0"},
				"south": {"uv": [1, 9.75, 1.75, 10.25], "texture": "#0"},
				"west": {"uv": [7.625, 9.5, 7.75, 10], "texture": "#0"},
				"up": {"uv": [7.125, 15.75, 7.875, 15.625], "texture": "#0"},
				"down": {"uv": [7.125, 13.75, 7.875, 13.875], "texture": "#0"}
			}
		},
		{
			"name": "Voxels",
			"from": [7.4286, 8, 7.0476],
			"to": [8.38098, 8.19048, 8.19046],
			"faces": {
				"north": {"uv": [7.75, 9.25, 7.125, 9.375], "texture": "#0"},
				"east": {"uv": [7.875, 13.25, 7.125, 13.375], "texture": "#0"},
				"south": {"uv": [7.125, 9.125, 7.75, 9.25], "texture": "#0"},
				"west": {"uv": [7.125, 13.375, 7.875, 13.5], "texture": "#0"},
				"up": {"uv": [1.5, 15.25, 2.125, 14.5], "texture": "#0"},
				"down": {"uv": [0.5, 13.5, 1.125, 14.25], "texture": "#0"}
			}
		},
		{
			"name": "Voxels",
			"from": [7.4286, 8, 8.381],
			"to": [8.57146, 8.19048, 8.76195],
			"faces": {
				"north": {"uv": [7.875, 13.125, 7.125, 13.25], "texture": "#0"},
				"east": {"uv": [9, 11.375, 8.75, 11.5], "texture": "#0"},
				"south": {"uv": [7.125, 13, 7.875, 13.125], "texture": "#0"},
				"west": {"uv": [8.75, 11.5, 9, 11.625], "texture": "#0"},
				"up": {"uv": [1.5, 11.375, 2.25, 11.125], "texture": "#0"},
				"down": {"uv": [1.5, 14.25, 2.25, 14.5], "texture": "#0"}
			}
		},
		{
			"name": "Voxels",
			"from": [7.4286, 8, 9.3333],
			"to": [8.57146, 8.19048, 9.71425],
			"faces": {
				"north": {"uv": [7.875, 12.75, 7.125, 12.875], "texture": "#0"},
				"east": {"uv": [9, 10.75, 8.75, 10.875], "texture": "#0"},
				"south": {"uv": [7.125, 12.625, 7.875, 12.75], "texture": "#0"},
				"west": {"uv": [8.75, 11.125, 9, 11.25], "texture": "#0"},
				"up": {"uv": [2.75, 13, 3.5, 12.75], "texture": "#0"},
				"down": {"uv": [1, 9.5, 1.75, 9.75], "texture": "#0"}
			}
		},
		{
			"name": "Voxels",
			"from": [7.4286, 8, 9.9048],
			"to": [8.57146, 8.19048, 10.28575],
			"faces": {
				"north": {"uv": [7.875, 12.125, 7.125, 12.25], "texture": "#0"},
				"east": {"uv": [9, 10.5, 8.75, 10.625], "texture": "#0"},
				"south": {"uv": [7.125, 12, 7.875, 12.125], "texture": "#0"},
				"west": {"uv": [8.75, 10.625, 9, 10.75], "texture": "#0"},
				"up": {"uv": [3.75, 13, 4.5, 12.75], "texture": "#0"},
				"down": {"uv": [3.75, 13, 4.5, 13.25], "texture": "#0"}
			}
		},
		{
			"name": "Voxels",
			"from": [7.4286, 8, 13.1429],
			"to": [8.57146, 8.38095, 13.33338],
			"faces": {
				"north": {"uv": [4.5, 12.5, 3.75, 12.75], "texture": "#0"},
				"east": {"uv": [8.875, 10.25, 8.75, 10.5], "texture": "#0"},
				"south": {"uv": [3.75, 12.25, 4.5, 12.5], "texture": "#0"},
				"west": {"uv": [8.875, 11.625, 9, 11.875], "texture": "#0"},
				"up": {"uv": [7.125, 11.75, 7.875, 11.625], "texture": "#0"},
				"down": {"uv": [7.125, 11.75, 7.875, 11.875], "texture": "#0"}
			}
		},
		{
			"name": "Voxels",
			"from": [7.4286, 8.1905, 2.2857],
			"to": [8.57146, 8.38098, 2.47618],
			"faces": {
				"north": {"uv": [7.875, 11, 7.125, 11.125], "texture": "#0"},
				"east": {"uv": [9.25, 10.125, 9.125, 10.25], "texture": "#0"},
				"south": {"uv": [7.125, 10.875, 7.875, 11], "texture": "#0"},
				"west": {"uv": [9.125, 8.625, 9.25, 8.75], "texture": "#0"},
				"up": {"uv": [7.125, 11.25, 7.875, 11.125], "texture": "#0"},
				"down": {"uv": [7.125, 11.25, 7.875, 11.375], "texture": "#0"}
			}
		},
		{
			"name": "Voxels",
			"from": [7.4286, 8.1905, 2.4762],
			"to": [7.80955, 8.76193, 2.85715],
			"faces": {
				"north": {"uv": [3.25, 8, 3, 8.375], "texture": "#0"},
				"east": {"uv": [6.625, 13, 6.375, 13.375], "texture": "#0"},
				"south": {"uv": [3.25, 8, 3.5, 8.375], "texture": "#0"},
				"west": {"uv": [6.75, 14.25, 7, 14.625], "texture": "#0"},
				"up": {"uv": [5.875, 10.375, 6.125, 10.125], "texture": "#0"},
				"down": {"uv": [5.875, 10.375, 6.125, 10.625], "texture": "#0"}
			}
		},
		{
			"name": "Voxels",
			"from": [7.4286, 8.1905, 2.8571],
			"to": [7.80955, 8.38098, 3.80948],
			"faces": {
				"north": {"uv": [9, 10.125, 8.75, 10.25], "texture": "#0"},
				"east": {"uv": [7.75, 10.25, 7.125, 10.375], "texture": "#0"},
				"south": {"uv": [8.75, 9.25, 9, 9.375], "texture": "#0"},
				"west": {"uv": [7.125, 10.375, 7.75, 10.5], "texture": "#0"},
				"up": {"uv": [3.75, 8.875, 4, 8.25], "texture": "#0"},
				"down": {"uv": [3.5, 8.25, 3.75, 8.875], "texture": "#0"}
			}
		},
		{
			"name": "Voxels",
			"from": [7.4286, 8.1905, 4.9524],
			"to": [8.57146, 8.76193, 5.14288],
			"faces": {
				"north": {"uv": [3, 15, 2.25, 15.375], "texture": "#0"},
				"east": {"uv": [8.125, 8.375, 8, 8.75], "texture": "#0"},
				"south": {"uv": [1.5, 10.25, 2.25, 10.625], "texture": "#0"},
				"west": {"uv": [7.875, 8.375, 8, 8.75], "texture": "#0"},
				"up": {"uv": [6.25, 11.75, 7, 11.625], "texture": "#0"},
				"down": {"uv": [6.25, 11.75, 7, 11.875], "texture": "#0"}
			}
		},
		{
			"name": "Voxels",
			"from": [7.4286, 8.1905, 5.5238],
			"to": [8.57146, 8.76193, 5.71428],
			"faces": {
				"north": {"uv": [4.5, 15.375, 3.75, 15.75], "texture": "#0"},
				"east": {"uv": [8.125, 8, 8, 8.375], "texture": "#0"},
				"south": {"uv": [2.25, 15.375, 3, 15.75], "texture": "#0"},
				"west": {"uv": [7.875, 8, 8, 8.375], "texture": "#0"},
				"up": {"uv": [6.25, 11.25, 7, 11.125], "texture": "#0"},
				"down": {"uv": [6.25, 11.25, 7, 11.375], "texture": "#0"}
			}
		},
		{
			"name": "Voxels",
			"from": [7.4286, 8.1905, 8.1905],
			"to": [7.80955, 8.76193, 10.85717],
			"faces": {
				"north": {"uv": [6.625, 12.625, 6.375, 13], "texture": "#0"},
				"east": {"uv": [2.25, 15.625, 0.5, 16], "texture": "#0"},
				"south": {"uv": [6.625, 13, 6.875, 13.375], "texture": "#0"},
				"west": {"uv": [0.5, 15.25, 2.25, 15.625], "texture": "#0"},
				"up": {"uv": [0.5, 12.875, 0.75, 11.125], "texture": "#0"},
				"down": {"uv": [0.75, 11.125, 1, 12.875], "texture": "#0"}
			}
		},
		{
			"name": "Voxels",
			"from": [7.4286, 8.1905, 12.7619],
			"to": [8.57146, 8.76193, 13.14285],
			"faces": {
				"north": {"uv": [3.75, 15.375, 3, 15.75], "texture": "#0"},
				"east": {"uv": [6.875, 12.625, 6.625, 13], "texture": "#0"},
				"south": {"uv": [3, 15, 3.75, 15.375], "texture": "#0"},
				"west": {"uv": [6.875, 13, 7.125, 13.375], "texture": "#0"},
				"up": {"uv": [3, 10.25, 3.75, 10], "texture": "#0"},
				"down": {"uv": [2.25, 10, 3, 10.25], "texture": "#0"}
			}
		},
		{
			"name": "Voxels",
			"from": [7.4286, 8.381, 2.2857],
			"to": [7.80955, 8.76195, 2.47618],
			"faces": {
				"north": {"uv": [7.875, 8, 7.625, 8.25], "texture": "#0"},
				"east": {"uv": [8.875, 8, 8.75, 8.25], "texture": "#0"},
				"south": {"uv": [7.875, 15.5, 8.125, 15.75], "texture": "#0"},
				"west": {"uv": [8.875, 8.875, 9, 9.125], "texture": "#0"},
				"up": {"uv": [8.75, 8.375, 9, 8.25], "texture": "#0"},
				"down": {"uv": [8.75, 9.125, 9, 9.25], "texture": "#0"}
			}
		},
		{
			"name": "Voxels",
			"from": [7.4286, 8.381, 2.8571],
			"to": [7.61908, 8.95243, 3.42853],
			"faces": {
				"north": {"uv": [8.75, 14.875, 8.625, 15.25], "texture": "#0"},
				"east": {"uv": [2.625, 8.125, 2.25, 8.5], "texture": "#0"},
				"south": {"uv": [8.625, 13.75, 8.75, 14.125], "texture": "#0"},
				"west": {"uv": [4.5, 10.75, 4.875, 11.125], "texture": "#0"},
				"up": {"uv": [8.625, 14.5, 8.75, 14.125], "texture": "#0"},
				"down": {"uv": [8.625, 14.5, 8.75, 14.875], "texture": "#0"}
			}
		},
		{
			"name": "Voxels",
			"from": [7.4286, 8.381, 3.4286],
			"to": [7.80955, 8.76195, 3.80955],
			"faces": {
				"north": {"uv": [8.125, 14.75, 7.875, 15], "texture": "#0"},
				"east": {"uv": [8.125, 14, 7.875, 14.25], "texture": "#0"},
				"south": {"uv": [7.875, 14.5, 8.125, 14.75], "texture": "#0"},
				"west": {"uv": [7.875, 14.25, 8.125, 14.5], "texture": "#0"},
				"up": {"uv": [7.875, 15.25, 8.125, 15], "texture": "#0"},
				"down": {"uv": [7.875, 15.25, 8.125, 15.5], "texture": "#0"}
			}
		},
		{
			"name": "Voxels",
			"from": [7.4286, 8.381, 7.0476],
			"to": [7.80955, 8.76195, 8.19046],
			"faces": {
				"north": {"uv": [8.125, 13.75, 7.875, 14], "texture": "#0"},
				"east": {"uv": [3.75, 9.25, 3, 9.5], "texture": "#0"},
				"south": {"uv": [7.875, 13.5, 8.125, 13.75], "texture": "#0"},
				"west": {"uv": [3.5, 9.5, 4.25, 9.75], "texture": "#0"},
				"up": {"uv": [2.75, 8.75, 3, 8], "texture": "#0"},
				"down": {"uv": [2.75, 8.75, 3, 9.5], "texture": "#0"}
			}
		},
		{
			"name": "Voxels",
			"from": [7.4286, 8.381, 10.8571],
			"to": [7.80955, 8.57148, 11.04758],
			"faces": {
				"north": {"uv": [9.75, 14.875, 9.5, 15], "texture": "#0"},
				"east": {"uv": [9.25, 10.625, 9.125, 10.75], "texture": "#0"},
				"south": {"uv": [9.75, 14.875, 10, 15], "texture": "#0"},
				"west": {"uv": [9.125, 10.5, 9.25, 10.625], "texture": "#0"},
				"up": {"uv": [9.25, 15, 9.5, 14.875], "texture": "#0"},
				"down": {"uv": [9, 14.875, 9.25, 15], "texture": "#0"}
			}
		},
		{
			"name": "Voxels",
			"from": [7.4286, 8.381, 13.1429],
			"to": [7.80955, 8.95243, 13.33338],
			"faces": {
				"north": {"uv": [7.625, 14.75, 7.375, 15.125], "texture": "#0"},
				"east": {"uv": [8.75, 13, 8.625, 13.375], "texture": "#0"},
				"south": {"uv": [7.625, 14.75, 7.875, 15.125], "texture": "#0"},
				"west": {"uv": [8.625, 13.375, 8.75, 13.75], "texture": "#0"},
				"up": {"uv": [10.75, 15, 11, 14.875], "texture": "#0"},
				"down": {"uv": [10, 14.875, 10.25, 15], "texture": "#0"}
			}
		},
		{
			"name": "Voxels",
			"from": [7.4286, 8.5714, 13.3333],
			"to": [8.57146, 8.95235, 13.52378],
			"faces": {
				"north": {"uv": [4, 11.625, 3.25, 11.875], "texture": "#0"},
				"east": {"uv": [9.125, 13.625, 9, 13.875], "texture": "#0"},
				"south": {"uv": [3.25, 11.375, 4, 11.625], "texture": "#0"},
				"west": {"uv": [8.875, 8, 9, 8.25], "texture": "#0"},
				"up": {"uv": [7.125, 12.625, 7.875, 12.5], "texture": "#0"},
				"down": {"uv": [7.125, 12.875, 7.875, 13], "texture": "#0"}
			}
		},
		{
			"name": "Voxels",
			"from": [7.4286, 8.7619, 5.1429],
			"to": [8.57146, 8.95238, 5.33338],
			"faces": {
				"north": {"uv": [7.875, 11.375, 7.125, 11.5], "texture": "#0"},
				"east": {"uv": [9.25, 10.875, 9.125, 11], "texture": "#0"},
				"south": {"uv": [7.125, 10.75, 7.875, 10.875], "texture": "#0"},
				"west": {"uv": [9.125, 10.75, 9.25, 10.875], "texture": "#0"},
				"up": {"uv": [7.125, 11.625, 7.875, 11.5], "texture": "#0"},
				"down": {"uv": [7.125, 11.875, 7.875, 12], "texture": "#0"}
			}
		},
		{
			"name": "Voxels",
			"from": [7.4286, 8.9524, 13.5238],
			"to": [8.57146, 9.14288, 13.71428],
			"faces": {
				"north": {"uv": [7, 12.125, 6.25, 12.25], "texture": "#0"},
				"east": {"uv": [9.25, 11.75, 9.125, 11.875], "texture": "#0"},
				"south": {"uv": [6.25, 12, 7, 12.125], "texture": "#0"},
				"west": {"uv": [9.125, 11.625, 9.25, 11.75], "texture": "#0"},
				"up": {"uv": [6.25, 12.375, 7, 12.25], "texture": "#0"},
				"down": {"uv": [3.75, 10.75, 4.5, 10.875], "texture": "#0"}
			}
		},
		{
			"name": "Voxels",
			"from": [7.4286, 9.1429, 13.7143],
			"to": [8.57146, 9.33338, 14.09525],
			"faces": {
				"north": {"uv": [7, 11.375, 6.25, 11.5], "texture": "#0"},
				"east": {"uv": [12, 14.875, 11.75, 15], "texture": "#0"},
				"south": {"uv": [6.25, 11, 7, 11.125], "texture": "#0"},
				"west": {"uv": [11.5, 14.875, 11.75, 15], "texture": "#0"},
				"up": {"uv": [3.875, 10.75, 4.625, 10.5], "texture": "#0"},
				"down": {"uv": [3.125, 10.25, 3.875, 10.5], "texture": "#0"}
			}
		},
		{
			"name": "Voxels",
			"from": [7.619, 7.4286, 13.9048],
			"to": [8.38091, 7.61908, 14.09528],
			"faces": {
				"north": {"uv": [9.625, 15.5, 9.125, 15.625], "texture": "#0"},
				"east": {"uv": [9.25, 12.25, 9.125, 12.375], "texture": "#0"},
				"south": {"uv": [9.625, 15.5, 10.125, 15.625], "texture": "#0"},
				"west": {"uv": [9.125, 11.875, 9.25, 12], "texture": "#0"},
				"up": {"uv": [8.625, 15.625, 9.125, 15.5], "texture": "#0"},
				"down": {"uv": [8.125, 15.5, 8.625, 15.625], "texture": "#0"}
			}
		},
		{
			"name": "Voxels",
			"from": [7.619, 7.619, 5.1429],
			"to": [8.38091, 7.80948, 5.33338],
			"faces": {
				"north": {"uv": [12.625, 15.5, 12.125, 15.625], "texture": "#0"},
				"east": {"uv": [9.25, 12.5, 9.125, 12.625], "texture": "#0"},
				"south": {"uv": [12.625, 15.5, 13.125, 15.625], "texture": "#0"},
				"west": {"uv": [9.125, 12.375, 9.25, 12.5], "texture": "#0"},
				"up": {"uv": [11.625, 15.625, 12.125, 15.5], "texture": "#0"},
				"down": {"uv": [11.125, 15.5, 11.625, 15.625], "texture": "#0"}
			}
		},
		{
			"name": "Voxels",
			"from": [7.619, 7.619, 13.3333],
			"to": [8.38091, 7.80948, 13.71425],
			"faces": {
				"north": {"uv": [14.625, 15.5, 14.125, 15.625], "texture": "#0"},
				"east": {"uv": [12.5, 14.875, 12.25, 15], "texture": "#0"},
				"south": {"uv": [14.625, 15.5, 15.125, 15.625], "texture": "#0"},
				"west": {"uv": [12, 14.875, 12.25, 15], "texture": "#0"},
				"up": {"uv": [4.25, 10, 4.75, 9.75], "texture": "#0"},
				"down": {"uv": [4.875, 11.625, 5.375, 11.875], "texture": "#0"}
			}
		},
		{
			"name": "Voxels",
			"from": [7.619, 7.8095, 2.6667],
			"to": [8.38091, 7.99998, 3.42861],
			"faces": {
				"north": {"uv": [8.625, 15.375, 8.125, 15.5], "texture": "#0"},
				"east": {"uv": [10.125, 15.375, 9.625, 15.5], "texture": "#0"},
				"south": {"uv": [8.625, 15.375, 9.125, 15.5], "texture": "#0"},
				"west": {"uv": [9.125, 15.375, 9.625, 15.5], "texture": "#0"},
				"up": {"uv": [2.25, 15, 2.75, 14.5], "texture": "#0"},
				"down": {"uv": [3.75, 14.5, 4.25, 15], "texture": "#0"}
			}
		},
		{
			"name": "Voxels",
			"from": [7.619, 7.8095, 4.9524],
			"to": [8.38091, 8.19045, 5.14288],
			"faces": {
				"north": {"uv": [5.375, 10.625, 4.875, 10.875], "texture": "#0"},
				"east": {"uv": [9.125, 13.125, 9, 13.375], "texture": "#0"},
				"south": {"uv": [5.375, 10.625, 5.875, 10.875], "texture": "#0"},
				"west": {"uv": [9, 13.375, 9.125, 13.625], "texture": "#0"},
				"up": {"uv": [10.625, 15.5, 11.125, 15.375], "texture": "#0"},
				"down": {"uv": [10.125, 15.375, 10.625, 15.5], "texture": "#0"}
			}
		},
		{
			"name": "Voxels",
			"from": [7.619, 7.8095, 5.3333],
			"to": [8.38091, 7.99998, 5.52378],
			"faces": {
				"north": {"uv": [13.125, 15.375, 12.625, 15.5], "texture": "#0"},
				"east": {"uv": [9.25, 12.75, 9.125, 12.875], "texture": "#0"},
				"south": {"uv": [13.125, 15.375, 13.625, 15.5], "texture": "#0"},
				"west": {"uv": [9.125, 12.625, 9.25, 12.75], "texture": "#0"},
				"up": {"uv": [12.125, 15.5, 12.625, 15.375], "texture": "#0"},
				"down": {"uv": [11.625, 15.375, 12.125, 15.5], "texture": "#0"}
			}
		},
		{
			"name": "Voxels",
			"from": [7.619, 7.8095, 13.1429],
			"to": [8.38091, 7.99998, 13.33338],
			"faces": {
				"north": {"uv": [8.625, 15.25, 8.125, 15.375], "texture": "#0"},
				"east": {"uv": [16, 14.625, 15.875, 14.75], "texture": "#0"},
				"south": {"uv": [8.125, 15.125, 8.625, 15.25], "texture": "#0"},
				"west": {"uv": [9.125, 13.25, 9.25, 13.375], "texture": "#0"},
				"up": {"uv": [15.125, 15.5, 15.625, 15.375], "texture": "#0"},
				"down": {"uv": [14.625, 15.375, 15.125, 15.5], "texture": "#0"}
			}
		},
		{
			"name": "Voxels",
			"from": [7.619, 8, 2.2857],
			"to": [8.38091, 8.19048, 2.66665],
			"faces": {
				"north": {"uv": [8.625, 15, 8.125, 15.125], "texture": "#0"},
				"east": {"uv": [13, 14.875, 12.75, 15], "texture": "#0"},
				"south": {"uv": [8.125, 14.875, 8.625, 15], "texture": "#0"},
				"west": {"uv": [12.5, 14.875, 12.75, 15], "texture": "#0"},
				"up": {"uv": [5, 8.25, 5.5, 8], "texture": "#0"},
				"down": {"uv": [5.5, 8.625, 6, 8.875], "texture": "#0"}
			}
		},
		{
			"name": "Voxels",
			"from": [7.619, 8, 3.619],
			"to": [8.38091, 8.19048, 3.80948],
			"faces": {
				"north": {"uv": [8.625, 14.375, 8.125, 14.5], "texture": "#0"},
				"east": {"uv": [15.5, 14.625, 15.375, 14.75], "texture": "#0"},
				"south": {"uv": [8.125, 14.25, 8.625, 14.375], "texture": "#0"},
				"west": {"uv": [15.5, 14.625, 15.625, 14.75], "texture": "#0"},
				"up": {"uv": [8.125, 14.625, 8.625, 14.5], "texture": "#0"},
				"down": {"uv": [8.125, 14.625, 8.625, 14.75], "texture": "#0"}
			}
		},
		{
			"name": "Voxels",
			"from": [7.619, 8, 5.5238],
			"to": [8.38091, 8.19048, 5.71428],
			"faces": {
				"north": {"uv": [8.625, 13.75, 8.125, 13.875], "texture": "#0"},
				"east": {"uv": [15, 14.625, 14.875, 14.75], "texture": "#0"},
				"south": {"uv": [8.125, 13.625, 8.625, 13.75], "texture": "#0"},
				"west": {"uv": [15, 14.625, 15.125, 14.75], "texture": "#0"},
				"up": {"uv": [8.125, 14, 8.625, 13.875], "texture": "#0"},
				"down": {"uv": [8.125, 14, 8.625, 14.125], "texture": "#0"}
			}
		},
		{
			"name": "Voxels",
			"from": [7.619, 8, 5.9048],
			"to": [8.19043, 8.38095, 6.09528],
			"faces": {
				"north": {"uv": [6.875, 8.375, 6.5, 8.625], "texture": "#0"},
				"east": {"uv": [9.125, 12.375, 9, 12.625], "texture": "#0"},
				"south": {"uv": [6.5, 8.125, 6.875, 8.375], "texture": "#0"},
				"west": {"uv": [9, 12.625, 9.125, 12.875], "texture": "#0"},
				"up": {"uv": [15.375, 15.375, 15.75, 15.25], "texture": "#0"},
				"down": {"uv": [12.75, 15.25, 13.125, 15.375], "texture": "#0"}
			}
		},
		{
			"name": "Voxels",
			"from": [7.619, 8, 6.2857],
			"to": [8.38091, 8.38095, 6.47618],
			"faces": {
				"north": {"uv": [5.875, 13.75, 5.375, 14], "texture": "#0"},
				"east": {"uv": [9.125, 11.375, 9, 11.625], "texture": "#0"},
				"south": {"uv": [4.875, 13.375, 5.375, 13.625], "texture": "#0"},
				"west": {"uv": [9, 11.625, 9.125, 11.875], "texture": "#0"},
				"up": {"uv": [8.125, 13, 8.625, 12.875], "texture": "#0"},
				"down": {"uv": [8.125, 13, 8.625, 13.125], "texture": "#0"}
			}
		},
		{
			"name": "Voxels",
			"from": [7.619, 8, 6.8571],
			"to": [8.38091, 8.38095, 7.04758],
			"faces": {
				"north": {"uv": [5.625, 12.875, 5.125, 13.125], "texture": "#0"},
				"east": {"uv": [9.125, 10.875, 9, 11.125], "texture": "#0"},
				"south": {"uv": [5.625, 12.875, 6.125, 13.125], "texture": "#0"},
				"west": {"uv": [9, 11.125, 9.125, 11.375], "texture": "#0"},
				"up": {"uv": [8.125, 12.75, 8.625, 12.625], "texture": "#0"},
				"down": {"uv": [8.125, 12.75, 8.625, 12.875], "texture": "#0"}
			}
		},
		{
			"name": "Voxels",
			"from": [7.619, 8, 8.1905],
			"to": [8.38091, 8.19048, 8.38098],
			"faces": {
				"north": {"uv": [8.625, 12.125, 8.125, 12.25], "texture": "#0"},
				"east": {"uv": [13.75, 14.625, 13.625, 14.75], "texture": "#0"},
				"south": {"uv": [8.125, 12, 8.625, 12.125], "texture": "#0"},
				"west": {"uv": [14.75, 14.625, 14.875, 14.75], "texture": "#0"},
				"up": {"uv": [8.125, 12.375, 8.625, 12.25], "texture": "#0"},
				"down": {"uv": [8.125, 12.375, 8.625, 12.5], "texture": "#0"}
			}
		},
		{
			"name": "Voxels",
			"from": [7.619, 8, 8.7619],
			"to": [8.38091, 8.19048, 9.33333],
			"faces": {
				"north": {"uv": [8.625, 11.625, 8.125, 11.75], "texture": "#0"},
				"east": {"uv": [12.125, 15, 11.75, 15.125], "texture": "#0"},
				"south": {"uv": [8.125, 11.5, 8.625, 11.625], "texture": "#0"},
				"west": {"uv": [10.625, 15, 11, 15.125], "texture": "#0"},
				"up": {"uv": [3.25, 11.125, 3.75, 10.75], "texture": "#0"},
				"down": {"uv": [2.25, 10.75, 2.75, 11.125], "texture": "#0"}
			}
		},
		{
			"name": "Voxels",
			"from": [7.619, 8, 9.7143],
			"to": [8.38091, 8.19048, 9.90478],
			"faces": {
				"north": {"uv": [8.625, 11.125, 8.125, 11.25], "texture": "#0"},
				"east": {"uv": [9.25, 11, 9.125, 11.125], "texture": "#0"},
				"south": {"uv": [8.125, 11, 8.625, 11.125], "texture": "#0"},
				"west": {"uv": [15.875, 15, 16, 15.125], "texture": "#0"},
				"up": {"uv": [8.125, 11.375, 8.625, 11.25], "texture": "#0"},
				"down": {"uv": [8.125, 11.375, 8.625, 11.5], "texture": "#0"}
			}
		},
		{
			"name": "Voxels",
			"from": [7.619, 8, 10.2857],
			"to": [8.38091, 8.19048, 11.42856],
			"faces": {
				"north": {"uv": [13.375, 15.75, 12.875, 15.875], "texture": "#0"},
				"east": {"uv": [6.875, 9.125, 6.125, 9.25], "texture": "#0"},
				"south": {"uv": [12.375, 15.75, 12.875, 15.875], "texture": "#0"},
				"west": {"uv": [6.125, 9.75, 6.875, 9.875], "texture": "#0"},
				"up": {"uv": [0, 8.75, 0.5, 8], "texture": "#0"},
				"down": {"uv": [0.5, 9.5, 1, 10.25], "texture": "#0"}
			}
		},
		{
			"name": "Voxels",
			"from": [7.619, 8, 12.381],
			"to": [8.38091, 8.38095, 12.76195],
			"faces": {
				"north": {"uv": [7.125, 15.625, 6.625, 15.875], "texture": "#0"},
				"east": {"uv": [6.125, 10.875, 5.875, 11.125], "texture": "#0"},
				"south": {"uv": [6.125, 15.375, 6.625, 15.625], "texture": "#0"},
				"west": {"uv": [6.875, 13.375, 7.125, 13.625], "texture": "#0"},
				"up": {"uv": [6.125, 15.875, 6.625, 15.625], "texture": "#0"},
				"down": {"uv": [5.5, 8, 6, 8.25], "texture": "#0"}
			}
		},
		{
			"name": "Voxels",
			"from": [7.619, 8, 12.7619],
			"to": [8.38091, 8.19048, 13.14285],
			"faces": {
				"north": {"uv": [11.375, 15.75, 10.875, 15.875], "texture": "#0"},
				"east": {"uv": [11.875, 14.75, 11.625, 14.875], "texture": "#0"},
				"south": {"uv": [9.875, 15.75, 10.375, 15.875], "texture": "#0"},
				"west": {"uv": [11.875, 14.75, 12.125, 14.875], "texture": "#0"},
				"up": {"uv": [6.25, 14.875, 6.75, 14.625], "texture": "#0"},
				"down": {"uv": [6.625, 15.375, 7.125, 15.625], "texture": "#0"}
			}
		},
		{
			"name": "Voxels",
			"from": [7.619, 8.1905, 2.0952],
			"to": [8.38091, 8.76193, 2.28568],
			"faces": {
				"north": {"uv": [4.75, 11.875, 4.25, 12.25], "texture": "#0"},
				"east": {"uv": [8.75, 11.125, 8.625, 11.5], "texture": "#0"},
				"south": {"uv": [3.75, 11.875, 4.25, 12.25], "texture": "#0"},
				"west": {"uv": [8.625, 10.75, 8.75, 11.125], "texture": "#0"},
				"up": {"uv": [13.375, 16, 13.875, 15.875], "texture": "#0"},
				"down": {"uv": [13.875, 15.875, 14.375, 16], "texture": "#0"}
			}
		},
		{
			"name": "Voxels",
			"from": [7.619, 8.1905, 3.8095],
			"to": [8.38091, 8.76193, 4.57141],
			"faces": {
				"north": {"uv": [3.25, 11.5, 2.75, 11.875], "texture": "#0"},
				"east": {"uv": [3.25, 10.75, 2.75, 11.125], "texture": "#0"},
				"south": {"uv": [2.25, 8.5, 2.75, 8.875], "texture": "#0"},
				"west": {"uv": [2.75, 11.125, 3.25, 11.5], "texture": "#0"},
				"up": {"uv": [2.25, 13.25, 2.75, 12.75], "texture": "#0"},
				"down": {"uv": [3.25, 13.5, 3.75, 14], "texture": "#0"}
			}
		},
		{
			"name": "Voxels",
			"from": [7.619, 8.1905, 5.7143],
			"to": [8.38091, 8.38098, 5.90478],
			"faces": {
				"north": {"uv": [9.375, 15.875, 8.875, 16], "texture": "#0"},
				"east": {"uv": [6.125, 9, 6, 9.125], "texture": "#0"},
				"south": {"uv": [8.375, 15.875, 8.875, 16], "texture": "#0"},
				"west": {"uv": [7, 12.125, 7.125, 12.25], "texture": "#0"},
				"up": {"uv": [10.625, 15.625, 11.125, 15.5], "texture": "#0"},
				"down": {"uv": [9.375, 15.875, 9.875, 16], "texture": "#0"}
			}
		},
		{
			"name": "Voxels",
			"from": [7.619, 8.1905, 6.0952],
			"to": [8.38091, 8.38098, 6.28568],
			"faces": {
				"north": {"uv": [8.625, 8.625, 8.125, 8.75], "texture": "#0"},
				"east": {"uv": [7.125, 11.5, 7, 11.625], "texture": "#0"},
				"south": {"uv": [8.125, 8.875, 8.625, 9], "texture": "#0"},
				"west": {"uv": [14, 14.625, 14.125, 14.75], "texture": "#0"},
				"up": {"uv": [8.125, 8.625, 8.625, 8.5], "texture": "#0"},
				"down": {"uv": [5.625, 12.75, 6.125, 12.875], "texture": "#0"}
			}
		},
		{
			"name": "Voxels",
			"from": [7.619, 8.1905, 6.4762],
			"to": [8.38091, 8.38098, 6.85715],
			"faces": {
				"north": {"uv": [10.375, 15.875, 9.875, 16], "texture": "#0"},
				"east": {"uv": [7.875, 9.375, 7.625, 9.5], "texture": "#0"},
				"south": {"uv": [12.875, 15.875, 13.375, 16], "texture": "#0"},
				"west": {"uv": [8.75, 14.625, 9, 14.75], "texture": "#0"},
				"up": {"uv": [5.375, 15, 5.875, 14.75], "texture": "#0"},
				"down": {"uv": [5.375, 15, 5.875, 15.25], "texture": "#0"}
			}
		},
		{
			"name": "Voxels",
			"from": [7.619, 8.1905, 10.8571],
			"to": [8.38091, 8.38098, 12.38091],
			"faces": {
				"north": {"uv": [14.125, 15.625, 13.625, 15.75], "texture": "#0"},
				"east": {"uv": [5.875, 11.875, 4.875, 12], "texture": "#0"},
				"south": {"uv": [14.125, 15.625, 14.625, 15.75], "texture": "#0"},
				"west": {"uv": [5.125, 12.5, 6.125, 12.625], "texture": "#0"},
				"up": {"uv": [1, 15.25, 1.5, 14.25], "texture": "#0"},
				"down": {"uv": [0, 9.75, 0.5, 10.75], "texture": "#0"}
			}
		},
		{
			"name": "Voxels",
			"from": [7.619, 8.381, 1.9048],
			"to": [8.38091, 8.57148, 2.09528],
			"faces": {
				"north": {"uv": [8.625, 13.5, 8.125, 13.625], "texture": "#0"},
				"east": {"uv": [14.25, 14.625, 14.125, 14.75], "texture": "#0"},
				"south": {"uv": [8.125, 13.375, 8.625, 13.5], "texture": "#0"},
				"west": {"uv": [14.25, 14.625, 14.375, 14.75], "texture": "#0"},
				"up": {"uv": [14.125, 15.5, 14.625, 15.375], "texture": "#0"},
				"down": {"uv": [13.625, 15.375, 14.125, 15.5], "texture": "#0"}
			}
		},
		{
			"name": "Voxels",
			"from": [7.619, 8.381, 3.2381],
			"to": [7.80948, 8.95243, 3.42858],
			"faces": {
				"north": {"uv": [8.75, 12.625, 8.625, 13], "texture": "#0"},
				"east": {"uv": [8.75, 10, 8.625, 10.375], "texture": "#0"},
				"south": {"uv": [8.625, 12.25, 8.75, 12.625], "texture": "#0"},
				"west": {"uv": [8.625, 10.375, 8.75, 10.75], "texture": "#0"},
				"up": {"uv": [7.75, 9.25, 7.875, 9.125], "texture": "#0"},
				"down": {"uv": [15.875, 15.125, 16, 15.25], "texture": "#0"}
			}
		},
		{
			"name": "Voxels",
			"from": [7.619, 8.381, 4.5714],
			"to": [8.38091, 8.57148, 4.95235],
			"faces": {
				"north": {"uv": [8.625, 13.25, 8.125, 13.375], "texture": "#0"},
				"east": {"uv": [7.125, 9.125, 6.875, 9.25], "texture": "#0"},
				"south": {"uv": [2.25, 8, 2.75, 8.125], "texture": "#0"},
				"west": {"uv": [6.875, 9, 7.125, 9.125], "texture": "#0"},
				"up": {"uv": [4.875, 10.625, 5.375, 10.375], "texture": "#0"},
				"down": {"uv": [5.375, 10.875, 5.875, 11.125], "texture": "#0"}
			}
		},
		{
			"name": "Voxels",
			"from": [7.619, 8.381, 5.7143],
			"to": [7.99995, 8.76195, 5.90478],
			"faces": {
				"north": {"uv": [8.125, 12.75, 7.875, 13], "texture": "#0"},
				"east": {"uv": [6.125, 9.875, 6, 10.125], "texture": "#0"},
				"south": {"uv": [7.875, 12.5, 8.125, 12.75], "texture": "#0"},
				"west": {"uv": [6, 9.625, 6.125, 9.875], "texture": "#0"},
				"up": {"uv": [6.875, 9.5, 7.125, 9.375], "texture": "#0"},
				"down": {"uv": [6.875, 9.25, 7.125, 9.375], "texture": "#0"}
			}
		},
		{
			"name": "Voxels",
			"from": [7.619, 8.381, 5.9048],
			"to": [7.80948, 8.76195, 7.04766],
			"faces": {
				"north": {"uv": [2.25, 8, 2.125, 8.25], "texture": "#0"},
				"east": {"uv": [3.5, 9.5, 2.75, 9.75], "texture": "#0"},
				"south": {"uv": [2.125, 10.625, 2.25, 10.875], "texture": "#0"},
				"west": {"uv": [3.5, 9.75, 4.25, 10], "texture": "#0"},
				"up": {"uv": [2.125, 10.25, 2.25, 9.5], "texture": "#0"},
				"down": {"uv": [2.125, 14.5, 2.25, 15.25], "texture": "#0"}
			}
		},
		{
			"name": "Voxels",
			"from": [7.619, 8.381, 11.0476],
			"to": [7.80948, 8.76195, 12.76189],
			"faces": {
				"north": {"uv": [2.25, 10.875, 2.125, 11.125], "texture": "#0"},
				"east": {"uv": [4.875, 15.125, 3.75, 15.375], "texture": "#0"},
				"south": {"uv": [9.125, 13.875, 9.25, 14.125], "texture": "#0"},
				"west": {"uv": [1, 8, 2.125, 8.25], "texture": "#0"},
				"up": {"uv": [5, 15.875, 5.125, 14.75], "texture": "#0"},
				"down": {"uv": [4.875, 14.75, 5, 15.875], "texture": "#0"}
			}
		},
		{
			"name": "Voxels",
			"from": [7.619, 8.5714, 2.8571],
			"to": [7.80948, 8.95235, 3.23805],
			"faces": {
				"north": {"uv": [9.125, 9.875, 9, 10.125], "texture": "#0"},
				"east": {"uv": [6.125, 13.75, 5.875, 14], "texture": "#0"},
				"south": {"uv": [9, 10.125, 9.125, 10.375], "texture": "#0"},
				"west": {"uv": [5.875, 11.375, 6.125, 11.625], "texture": "#0"},
				"up": {"uv": [9, 9.875, 9.125, 9.625], "texture": "#0"},
				"down": {"uv": [9.125, 14.125, 9.25, 14.375], "texture": "#0"}
			}
		},
		{
			"name": "Voxels",
			"from": [7.619, 8.5714, 4.5714],
			"to": [8.19043, 8.76188, 4.95235],
			"faces": {
				"north": {"uv": [12, 15.25, 11.625, 15.375], "texture": "#0"},
				"east": {"uv": [11.625, 14.75, 11.375, 14.875], "texture": "#0"},
				"south": {"uv": [10.5, 15.25, 10.875, 15.375], "texture": "#0"},
				"west": {"uv": [13.125, 14.75, 13.375, 14.875], "texture": "#0"},
				"up": {"uv": [6.125, 8.375, 6.5, 8.125], "texture": "#0"},
				"down": {"uv": [6.125, 8.375, 6.5, 8.625], "texture": "#0"}
			}
		},
		{
			"name": "Voxels",
			"from": [7.619, 8.5714, 10.8571],
			"to": [8.38091, 8.95235, 11.04758],
			"faces": {
				"north": {"uv": [5.875, 14, 5.375, 14.25], "texture": "#0"},
				"east": {"uv": [9.125, 10.625, 9, 10.875], "texture": "#0"},
				"south": {"uv": [5.375, 13.375, 5.875, 13.625], "texture": "#0"},
				"west": {"uv": [9, 10.375, 9.125, 10.625], "texture": "#0"},
				"up": {"uv": [7.125, 8.5, 7.625, 8.375], "texture": "#0"},
				"down": {"uv": [7.125, 8.25, 7.625, 8.375], "texture": "#0"}
			}
		},
		{
			"name": "Voxels",
			"from": [7.619, 8.5714, 13.9048],
			"to": [7.80948, 8.76188, 14.09528],
			"faces": {
				"north": {"uv": [6.125, 8.875, 6, 9], "texture": "#0"},
				"east": {"uv": [7.125, 12, 7, 12.125], "texture": "#0"},
				"south": {"uv": [6, 8.5, 6.125, 8.625], "texture": "#0"},
				"west": {"uv": [7, 12.25, 7.125, 12.375], "texture": "#0"},
				"up": {"uv": [4.75, 9.375, 4.875, 9.25], "texture": "#0"},
				"down": {"uv": [4.75, 9.375, 4.875, 9.5], "texture": "#0"}
			}
		},
		{
			"name": "Voxels",
			"from": [7.619, 8.7619, 2.2857],
			"to": [8.38091, 8.95238, 2.85713],
			"faces": {
				"north": {"uv": [8.625, 9.75, 8.125, 9.875], "texture": "#0"},
				"east": {"uv": [11.75, 15.125, 11.375, 15.25], "texture": "#0"},
				"south": {"uv": [8.125, 9.875, 8.625, 10], "texture": "#0"},
				"west": {"uv": [11.75, 15.125, 12.125, 15.25], "texture": "#0"},
				"up": {"uv": [4, 11.875, 4.5, 11.5], "texture": "#0"},
				"down": {"uv": [2.25, 9.625, 2.75, 10], "texture": "#0"}
			}
		},
		{
			"name": "Voxels",
			"from": [7.619, 8.7619, 3.4286],
			"to": [8.38091, 8.95238, 3.80955],
			"faces": {
				"north": {"uv": [8.625, 10, 8.125, 10.125], "texture": "#0"},
				"east": {"uv": [7.125, 8.625, 6.875, 8.75], "texture": "#0"},
				"south": {"uv": [8.125, 10.125, 8.625, 10.25], "texture": "#0"},
				"west": {"uv": [15, 14.875, 15.25, 15], "texture": "#0"},
				"up": {"uv": [5, 9.375, 5.5, 9.125], "texture": "#0"},
				"down": {"uv": [5, 9.375, 5.5, 9.625], "texture": "#0"}
			}
		},
		{
			"name": "Voxels",
			"from": [7.619, 8.7619, 4.9524],
			"to": [8.38091, 8.95238, 5.14288],
			"faces": {
				"north": {"uv": [7.625, 8.5, 7.125, 8.625], "texture": "#0"},
				"east": {"uv": [9.375, 12.375, 9.25, 12.5], "texture": "#0"},
				"south": {"uv": [10.875, 15.875, 11.375, 16], "texture": "#0"},
				"west": {"uv": [15.25, 14.625, 15.375, 14.75], "texture": "#0"},
				"up": {"uv": [15.125, 15.625, 15.625, 15.5], "texture": "#0"},
				"down": {"uv": [10.625, 15.625, 11.125, 15.75], "texture": "#0"}
			}
		},
		{
			"name": "Voxels",
			"from": [7.619, 8.7619, 5.3333],
			"to": [8.38091, 8.95238, 5.71425],
			"faces": {
				"north": {"uv": [12.375, 15.875, 11.875, 16], "texture": "#0"},
				"east": {"uv": [6.125, 13.25, 5.875, 13.375], "texture": "#0"},
				"south": {"uv": [8.375, 15.75, 8.875, 15.875], "texture": "#0"},
				"west": {"uv": [14.375, 14.75, 14.625, 14.875], "texture": "#0"},
				"up": {"uv": [4.25, 9.75, 4.75, 9.5], "texture": "#0"},
				"down": {"uv": [5.5, 9.625, 6, 9.875], "texture": "#0"}
			}
		},
		{
			"name": "Voxels",
			"from": [7.619, 8.7619, 6.8571],
			"to": [8.38091, 8.95238, 10.8571],
			"faces": {
				"north": {"uv": [9.875, 15.75, 9.375, 15.875], "texture": "#0"},
				"east": {"uv": [4.875, 15.75, 2.25, 15.875], "texture": "#0"},
				"south": {"uv": [14.875, 15.875, 15.375, 16], "texture": "#0"},
				"west": {"uv": [2.25, 15.875, 4.875, 16], "texture": "#0"},
				"up": {"uv": [0, 13.375, 0.5, 10.75], "texture": "#0"},
				"down": {"uv": [0, 13.375, 0.5, 16], "texture": "#0"}
			}
		},
		{
			"name": "Voxels",
			"from": [7.619, 8.7619, 12.7619],
			"to": [8.38091, 8.95238, 13.14285],
			"faces": {
				"north": {"uv": [8.625, 11.875, 8.125, 12], "texture": "#0"},
				"east": {"uv": [9, 11.25, 8.75, 11.375], "texture": "#0"},
				"south": {"uv": [2.625, 10.25, 3.125, 10.375], "texture": "#0"},
				"west": {"uv": [15.625, 15, 15.875, 15.125], "texture": "#0"},
				"up": {"uv": [6.375, 13.625, 6.875, 13.375], "texture": "#0"},
				"down": {"uv": [5, 8.25, 5.5, 8.5], "texture": "#0"}
			}
		},
		{
			"name": "Voxels",
			"from": [7.619, 8.9524, 5.1429],
			"to": [8.38091, 9.14288, 5.33338],
			"faces": {
				"north": {"uv": [5.625, 12.75, 5.125, 12.875], "texture": "#0"},
				"east": {"uv": [9.25, 8.375, 9.125, 8.5], "texture": "#0"},
				"south": {"uv": [7.875, 15.75, 8.375, 15.875], "texture": "#0"},
				"west": {"uv": [9.125, 13, 9.25, 13.125], "texture": "#0"},
				"up": {"uv": [8.125, 8.25, 8.625, 8.125], "texture": "#0"},
				"down": {"uv": [8.125, 8.75, 8.625, 8.875], "texture": "#0"}
			}
		},
		{
			"name": "Voxels",
			"from": [7.619, 8.9524, 13.3333],
			"to": [8.38091, 9.14288, 13.52378],
			"faces": {
				"north": {"uv": [10.625, 15.5, 10.125, 15.625], "texture": "#0"},
				"east": {"uv": [7.875, 10.25, 7.75, 10.375], "texture": "#0"},
				"south": {"uv": [8.125, 10.75, 8.625, 10.875], "texture": "#0"},
				"west": {"uv": [7.75, 10.125, 7.875, 10.25], "texture": "#0"},
				"up": {"uv": [11.625, 15.75, 12.125, 15.625], "texture": "#0"},
				"down": {"uv": [11.125, 15.625, 11.625, 15.75], "texture": "#0"}
			}
		},
		{
			"name": "Voxels",
			"from": [7.619, 9.3333, 13.7143],
			"to": [8.38091, 9.52378, 13.90478],
			"faces": {
				"north": {"uv": [8.625, 10.5, 8.125, 10.625], "texture": "#0"},
				"east": {"uv": [7.125, 10.875, 7, 11], "texture": "#0"},
				"south": {"uv": [8.125, 10.375, 8.625, 10.5], "texture": "#0"},
				"west": {"uv": [7.75, 10.375, 7.875, 10.5], "texture": "#0"},
				"up": {"uv": [8.125, 10.75, 8.625, 10.625], "texture": "#0"},
				"down": {"uv": [8.125, 14.125, 8.625, 14.25], "texture": "#0"}
			}
		},
		{
			"name": "Voxels",
			"from": [7.8095, 6.4762, 8.9524],
			"to": [8.19045, 8.00001, 9.71431],
			"faces": {
				"north": {"uv": [4.75, 13.5, 4.5, 14.5], "texture": "#0"},
				"east": {"uv": [1, 14.25, 0.5, 15.25], "texture": "#0"},
				"south": {"uv": [4.25, 13.5, 4.5, 14.5], "texture": "#0"},
				"west": {"uv": [0, 8.75, 0.5, 9.75], "texture": "#0"},
				"up": {"uv": [5.5, 9.625, 5.75, 9.125], "texture": "#0"},
				"down": {"uv": [5.75, 9.125, 6, 9.625], "texture": "#0"}
			}
		},
		{
			"name": "Voxels",
			"from": [7.8095, 6.6667, 6.6667],
			"to": [8.19045, 8.19051, 6.85718],
			"faces": {
				"north": {"uv": [2.75, 13.5, 2.5, 14.5], "texture": "#0"},
				"east": {"uv": [5, 8.125, 4.875, 9.125], "texture": "#0"},
				"south": {"uv": [2.25, 13.5, 2.5, 14.5], "texture": "#0"},
				"west": {"uv": [4.75, 13.5, 4.875, 14.5], "texture": "#0"},
				"up": {"uv": [15.5, 15, 15.75, 14.875], "texture": "#0"},
				"down": {"uv": [15.25, 14.875, 15.5, 15], "texture": "#0"}
			}
		},
		{
			"name": "Voxels",
			"from": [7.8095, 6.6667, 6.8571],
			"to": [8.19045, 8.00003, 7.23805],
			"faces": {
				"north": {"uv": [3.5, 11.875, 3.25, 12.75], "texture": "#0"},
				"east": {"uv": [3.25, 11.875, 3, 12.75], "texture": "#0"},
				"south": {"uv": [3.5, 11.875, 3.75, 12.75], "texture": "#0"},
				"west": {"uv": [2.5, 11.875, 2.75, 12.75], "texture": "#0"},
				"up": {"uv": [7.875, 12.25, 8.125, 12], "texture": "#0"},
				"down": {"uv": [7.875, 12.25, 8.125, 12.5], "texture": "#0"}
			}
		},
		{
			"name": "Voxels",
			"from": [7.8095, 6.8571, 6.4762],
			"to": [8.19045, 8.19043, 6.66668],
			"faces": {
				"north": {"uv": [2.5, 11.875, 2.25, 12.75], "texture": "#0"},
				"east": {"uv": [6.25, 10.875, 6.125, 11.75], "texture": "#0"},
				"south": {"uv": [2.75, 11.875, 3, 12.75], "texture": "#0"},
				"west": {"uv": [6.125, 11.75, 6.25, 12.625], "texture": "#0"},
				"up": {"uv": [10.125, 14.875, 10.375, 14.75], "texture": "#0"},
				"down": {"uv": [9.875, 14.75, 10.125, 14.875], "texture": "#0"}
			}
		},
		{
			"name": "Voxels",
			"from": [7.8095, 6.8571, 7.2381],
			"to": [8.19045, 7.99996, 7.42858],
			"faces": {
				"north": {"uv": [2.75, 11.125, 2.5, 11.875], "texture": "#0"},
				"east": {"uv": [7.375, 14.625, 7.25, 15.375], "texture": "#0"},
				"south": {"uv": [2.25, 11.125, 2.5, 11.875], "texture": "#0"},
				"west": {"uv": [7.125, 14.625, 7.25, 15.375], "texture": "#0"},
				"up": {"uv": [12.875, 14.875, 13.125, 14.75], "texture": "#0"},
				"down": {"uv": [12.125, 14.75, 12.375, 14.875], "texture": "#0"}
			}
		},
		{
			"name": "Voxels",
			"from": [7.8095, 7.0476, 8.7619],
			"to": [8.19045, 7.99998, 8.95238],
			"faces": {
				"north": {"uv": [3.25, 8.375, 3, 9], "texture": "#0"},
				"east": {"uv": [7.625, 9.375, 7.5, 10], "texture": "#0"},
				"south": {"uv": [4.25, 8.25, 4.5, 8.875], "texture": "#0"},
				"west": {"uv": [7.375, 9.375, 7.5, 10], "texture": "#0"},
				"up": {"uv": [13.625, 14.875, 13.875, 14.75], "texture": "#0"},
				"down": {"uv": [13.375, 14.75, 13.625, 14.875], "texture": "#0"}
			}
		},
		{
			"name": "Voxels",
			"from": [7.8095, 7.2381, 8.1905],
			"to": [8.19045, 8.00001, 8.76193],
			"faces": {
				"north": {"uv": [6.125, 15.25, 5.875, 15.75], "texture": "#0"},
				"east": {"uv": [2.625, 10.25, 2.25, 10.75], "texture": "#0"},
				"south": {"uv": [5.625, 15.25, 5.875, 15.75], "texture": "#0"},
				"west": {"uv": [4.5, 12.75, 4.875, 13.25], "texture": "#0"},
				"up": {"uv": [6.875, 8.375, 7.125, 8], "texture": "#0"},
				"down": {"uv": [6.875, 10.125, 7.125, 10.5], "texture": "#0"}
			}
		},
		{
			"name": "Voxels",
			"from": [7.8095, 7.2381, 9.7143],
			"to": [8.19045, 7.61905, 9.90478],
			"faces": {
				"north": {"uv": [7.125, 9.875, 6.875, 10.125], "texture": "#0"},
				"east": {"uv": [4.875, 9.5, 4.75, 9.75], "texture": "#0"},
				"south": {"uv": [6.875, 8.375, 7.125, 8.625], "texture": "#0"},
				"west": {"uv": [9, 9.375, 9.125, 9.625], "texture": "#0"},
				"up": {"uv": [15.375, 14.875, 15.625, 14.75], "texture": "#0"},
				"down": {"uv": [15.125, 14.75, 15.375, 14.875], "texture": "#0"}
			}
		},
		{
			"name": "Voxels",
			"from": [7.8095, 7.8095, 3.4286],
			"to": [8.19045, 7.99998, 3.61908],
			"faces": {
				"north": {"uv": [10.125, 14.625, 9.875, 14.75], "texture": "#0"},
				"east": {"uv": [9.375, 13.25, 9.25, 13.375], "texture": "#0"},
				"south": {"uv": [10.125, 14.625, 10.375, 14.75], "texture": "#0"},
				"west": {"uv": [9.25, 12.5, 9.375, 12.625], "texture": "#0"},
				"up": {"uv": [9.125, 14.75, 9.375, 14.625], "texture": "#0"},
				"down": {"uv": [15.625, 14.75, 15.875, 14.875], "texture": "#0"}
			}
		},
		{
			"name": "Voxels",
			"from": [7.8095, 7.8095, 12.9524],
			"to": [8.19045, 7.99998, 13.14288],
			"faces": {
				"north": {"uv": [11.125, 14.625, 10.875, 14.75], "texture": "#0"},
				"east": {"uv": [9.375, 13.5, 9.25, 13.625], "texture": "#0"},
				"south": {"uv": [11.125, 14.625, 11.375, 14.75], "texture": "#0"},
				"west": {"uv": [9.25, 13.375, 9.375, 13.5], "texture": "#0"},
				"up": {"uv": [10.625, 14.75, 10.875, 14.625], "texture": "#0"},
				"down": {"uv": [10.375, 14.625, 10.625, 14.75], "texture": "#0"}
			}
		},
		{
			"name": "Voxels",
			"from": [7.8095, 8, 2.0952],
			"to": [8.19045, 8.19048, 2.28568],
			"faces": {
				"north": {"uv": [12.125, 14.625, 11.875, 14.75], "texture": "#0"},
				"east": {"uv": [9.375, 14, 9.25, 14.125], "texture": "#0"},
				"south": {"uv": [12.125, 14.625, 12.375, 14.75], "texture": "#0"},
				"west": {"uv": [9.25, 13.625, 9.375, 13.75], "texture": "#0"},
				"up": {"uv": [11.625, 14.75, 11.875, 14.625], "texture": "#0"},
				"down": {"uv": [11.375, 14.625, 11.625, 14.75], "texture": "#0"}
			}
		},
		{
			"name": "Voxels",
			"from": [7.8095, 8, 3.8095],
			"to": [8.19045, 8.19048, 4.57141],
			"faces": {
				"north": {"uv": [12.625, 14.625, 12.375, 14.75], "texture": "#0"},
				"east": {"uv": [8.625, 10.25, 8.125, 10.375], "texture": "#0"},
				"south": {"uv": [12.625, 14.625, 12.875, 14.75], "texture": "#0"},
				"west": {"uv": [8.125, 12.5, 8.625, 12.625], "texture": "#0"},
				"up": {"uv": [4.5, 8.5, 4.75, 8], "texture": "#0"},
				"down": {"uv": [5.125, 15.25, 5.375, 15.75], "texture": "#0"}
			}
		},
		{
			"name": "Voxels",
			"from": [7.8095, 8, 5.7143],
			"to": [8.38093, 8.19048, 5.90478],
			"faces": {
				"north": {"uv": [13.625, 15, 13.25, 15.125], "texture": "#0"},
				"east": {"uv": [9.375, 14.5, 9.25, 14.625], "texture": "#0"},
				"south": {"uv": [14.75, 15, 15.125, 15.125], "texture": "#0"},
				"west": {"uv": [9.25, 14.375, 9.375, 14.5], "texture": "#0"},
				"up": {"uv": [8.75, 15.125, 9.125, 15], "texture": "#0"},
				"down": {"uv": [12.5, 15.125, 12.875, 15.25], "texture": "#0"}
			}
		},
		{
			"name": "Voxels",
			"from": [7.8095, 8, 6.0952],
			"to": [8.19045, 8.19048, 6.28568],
			"faces": {
				"north": {"uv": [1.5, 11.125, 1.25, 11.25], "texture": "#0"},
				"east": {"uv": [14.625, 14.625, 14.5, 14.75], "texture": "#0"},
				"south": {"uv": [0.5, 8, 0.75, 8.125], "texture": "#0"},
				"west": {"uv": [9.125, 8, 9.25, 8.125], "texture": "#0"},
				"up": {"uv": [1, 11.25, 1.25, 11.125], "texture": "#0"},
				"down": {"uv": [12.875, 14.625, 13.125, 14.75], "texture": "#0"}
			}
		},
		{
			"name": "Voxels",
			"from": [7.8095, 8, 11.4286],
			"to": [8.19045, 8.19048, 12.38098],
			"faces": {
				"north": {"uv": [1, 8, 0.75, 8.125], "texture": "#0"},
				"east": {"uv": [7.75, 10.5, 7.125, 10.625], "texture": "#0"},
				"south": {"uv": [5.875, 14.625, 6.125, 14.75], "texture": "#0"},
				"west": {"uv": [7.125, 10.625, 7.75, 10.75], "texture": "#0"},
				"up": {"uv": [4, 8.875, 4.25, 8.25], "texture": "#0"},
				"down": {"uv": [3.25, 8.375, 3.5, 9], "texture": "#0"}
			}
		},
		{
			"name": "Voxels",
			"from": [7.8095, 8.1905, 1.9048],
			"to": [8.19045, 8.38098, 2.09528],
			"faces": {
				"north": {"uv": [6.125, 14.25, 5.875, 14.375], "texture": "#0"},
				"east": {"uv": [7.125, 11, 7, 11.125], "texture": "#0"},
				"south": {"uv": [5.875, 13.625, 6.125, 13.75], "texture": "#0"},
				"west": {"uv": [14.375, 14.625, 14.5, 14.75], "texture": "#0"},
				"up": {"uv": [5.875, 14.5, 6.125, 14.375], "texture": "#0"},
				"down": {"uv": [5.875, 14.5, 6.125, 14.625], "texture": "#0"}
			}
		},
		{
			"name": "Voxels",
			"from": [7.8095, 8.1905, 3.619],
			"to": [8.5714, 8.38098, 3.80948],
			"faces": {
				"north": {"uv": [15.625, 15.625, 15.125, 15.75], "texture": "#0"},
				"east": {"uv": [9.25, 11.5, 9.125, 11.625], "texture": "#0"},
				"south": {"uv": [11.125, 15.375, 11.625, 15.5], "texture": "#0"},
				"west": {"uv": [7, 11.125, 7.125, 11.25], "texture": "#0"},
				"up": {"uv": [14.625, 15.75, 15.125, 15.625], "texture": "#0"},
				"down": {"uv": [12.125, 15.625, 12.625, 15.75], "texture": "#0"}
			}
		},
		{
			"name": "Voxels",
			"from": [7.8095, 8.1905, 4.5714],
			"to": [8.38093, 8.38098, 4.95235],
			"faces": {
				"north": {"uv": [12.5, 15.125, 12.125, 15.25], "texture": "#0"},
				"east": {"uv": [6.125, 12, 5.875, 12.125], "texture": "#0"},
				"south": {"uv": [9.125, 15, 9.5, 15.125], "texture": "#0"},
				"west": {"uv": [5.875, 12.625, 6.125, 12.75], "texture": "#0"},
				"up": {"uv": [7.125, 13.75, 7.5, 13.5], "texture": "#0"},
				"down": {"uv": [7.375, 15.125, 7.75, 15.375], "texture": "#0"}
			}
		},
		{
			"name": "Voxels",
			"from": [7.8095, 8.1905, 7.8095],
			"to": [8.5714, 8.38098, 8.19045],
			"faces": {
				"north": {"uv": [11.875, 15.875, 11.375, 16], "texture": "#0"},
				"east": {"uv": [6.125, 11.25, 5.875, 11.375], "texture": "#0"},
				"south": {"uv": [8.875, 15.75, 9.375, 15.875], "texture": "#0"},
				"west": {"uv": [5.875, 11.875, 6.125, 12], "texture": "#0"},
				"up": {"uv": [5, 8.875, 5.5, 8.625], "texture": "#0"},
				"down": {"uv": [5.5, 8.25, 6, 8.5], "texture": "#0"}
			}
		},
		{
			"name": "Voxels",
			"from": [7.8095, 8.1905, 10.6667],
			"to": [8.5714, 8.38098, 10.85718],
			"faces": {
				"north": {"uv": [8.625, 15.625, 8.125, 15.75], "texture": "#0"},
				"east": {"uv": [14.75, 14.625, 14.625, 14.75], "texture": "#0"},
				"south": {"uv": [8.625, 15.625, 9.125, 15.75], "texture": "#0"},
				"west": {"uv": [15.125, 14.625, 15.25, 14.75], "texture": "#0"},
				"up": {"uv": [15.375, 15.875, 15.875, 15.75], "texture": "#0"},
				"down": {"uv": [14.375, 15.875, 14.875, 16], "texture": "#0"}
			}
		},
		{
			"name": "Voxels",
			"from": [7.8095, 8.381, 12.5714],
			"to": [8.38093, 8.76195, 12.76188],
			"faces": {
				"north": {"uv": [7.875, 13.5, 7.5, 13.75], "texture": "#0"},
				"east": {"uv": [4.875, 9.75, 4.75, 10], "texture": "#0"},
				"south": {"uv": [7.125, 12.25, 7.5, 12.5], "texture": "#0"},
				"west": {"uv": [4.75, 13.25, 4.875, 13.5], "texture": "#0"},
				"up": {"uv": [10.125, 15.375, 10.5, 15.25], "texture": "#0"},
				"down": {"uv": [6.5, 8, 6.875, 8.125], "texture": "#0"}
			}
		},
		{
			"name": "Voxels",
			"from": [7.8095, 8.5714, 1.9048],
			"to": [8.38093, 8.76188, 2.09528],
			"faces": {
				"north": {"uv": [10.625, 15.125, 10.25, 15.25], "texture": "#0"},
				"east": {"uv": [9.25, 10, 9.125, 10.125], "texture": "#0"},
				"south": {"uv": [10.625, 15.125, 11, 15.25], "texture": "#0"},
				"west": {"uv": [9.125, 11.125, 9.25, 11.25], "texture": "#0"},
				"up": {"uv": [12.375, 15.375, 12.75, 15.25], "texture": "#0"},
				"down": {"uv": [12, 15.25, 12.375, 15.375], "texture": "#0"}
			}
		},
		{
			"name": "Voxels",
			"from": [7.8095, 8.5714, 2.2857],
			"to": [8.5714, 8.76188, 2.66665],
			"faces": {
				"north": {"uv": [8.625, 13.125, 8.125, 13.25], "texture": "#0"},
				"east": {"uv": [7.125, 9.75, 6.875, 9.875], "texture": "#0"},
				"south": {"uv": [8.125, 14.75, 8.625, 14.875], "texture": "#0"},
				"west": {"uv": [5.875, 11.125, 6.125, 11.25], "texture": "#0"},
				"up": {"uv": [5.5, 10.125, 6, 9.875], "texture": "#0"},
				"down": {"uv": [5, 9.625, 5.5, 9.875], "texture": "#0"}
			}
		},
		{
			"name": "Voxels",
			"from": [7.8095, 8.5714, 3.4286],
			"to": [8.5714, 8.76188, 3.80955],
			"faces": {
				"north": {"uv": [9.625, 15.625, 9.125, 15.75], "texture": "#0"},
				"east": {"uv": [7.125, 9.5, 6.875, 9.625], "texture": "#0"},
				"south": {"uv": [15.375, 15.875, 15.875, 16], "texture": "#0"},
				"west": {"uv": [6.875, 9.625, 7.125, 9.75], "texture": "#0"},
				"up": {"uv": [5.375, 10.375, 5.875, 10.125], "texture": "#0"},
				"down": {"uv": [5, 9.875, 5.5, 10.125], "texture": "#0"}
			}
		},
		{
			"name": "Voxels",
			"from": [7.8095, 8.5714, 5.9048],
			"to": [8.5714, 8.95235, 6.47623],
			"faces": {
				"north": {"uv": [5.375, 10.125, 4.875, 10.375], "texture": "#0"},
				"east": {"uv": [4.875, 12.5, 4.5, 12.75], "texture": "#0"},
				"south": {"uv": [5.375, 10.375, 5.875, 10.625], "texture": "#0"},
				"west": {"uv": [7.5, 12.25, 7.875, 12.5], "texture": "#0"},
				"up": {"uv": [2.625, 10.75, 3.125, 10.375], "texture": "#0"},
				"down": {"uv": [4, 11.125, 4.5, 11.5], "texture": "#0"}
			}
		},
		{
			"name": "Voxels",
			"from": [7.8095, 8.5714, 6.4762],
			"to": [8.38093, 8.76188, 7.61906],
			"faces": {
				"north": {"uv": [13.25, 15, 12.875, 15.125], "texture": "#0"},
				"east": {"uv": [7, 11.875, 6.25, 12], "texture": "#0"},
				"south": {"uv": [14.375, 15, 14.75, 15.125], "texture": "#0"},
				"west": {"uv": [1.125, 13.5, 1.875, 13.625], "texture": "#0"},
				"up": {"uv": [1.875, 14.25, 2.25, 13.5], "texture": "#0"},
				"down": {"uv": [1.75, 9.5, 2.125, 10.25], "texture": "#0"}
			}
		},
		{
			"name": "Voxels",
			"from": [7.8095, 8.5714, 7.619],
			"to": [7.99998, 8.76188, 8.38091],
			"faces": {
				"north": {"uv": [9.375, 11.5, 9.25, 11.625], "texture": "#0"},
				"east": {"uv": [8.625, 9.375, 8.125, 9.5], "texture": "#0"},
				"south": {"uv": [9.25, 10.875, 9.375, 11], "texture": "#0"},
				"west": {"uv": [8.125, 9.25, 8.625, 9.375], "texture": "#0"},
				"up": {"uv": [6, 9.625, 6.125, 9.125], "texture": "#0"},
				"down": {"uv": [7.875, 13, 8, 13.5], "texture": "#0"}
			}
		},
		{
			"name": "Voxels",
			"from": [7.8095, 8.5714, 10.4762],
			"to": [8.5714, 8.76188, 10.85715],
			"faces": {
				"north": {"uv": [8.625, 9.5, 8.125, 9.625], "texture": "#0"},
				"east": {"uv": [7.125, 8.75, 6.875, 8.875], "texture": "#0"},
				"south": {"uv": [8.125, 9.625, 8.625, 9.75], "texture": "#0"},
				"west": {"uv": [6.875, 8.875, 7.125, 9], "texture": "#0"},
				"up": {"uv": [5.375, 11.625, 5.875, 11.375], "texture": "#0"},
				"down": {"uv": [4.875, 10.875, 5.375, 11.125], "texture": "#0"}
			}
		},
		{
			"name": "Voxels",
			"from": [7.8095, 8.5714, 11.0476],
			"to": [8.38093, 8.76188, 12.57141],
			"faces": {
				"north": {"uv": [10.25, 15, 9.875, 15.125], "texture": "#0"},
				"east": {"uv": [5.875, 11.25, 4.875, 11.375], "texture": "#0"},
				"south": {"uv": [9.5, 15, 9.875, 15.125], "texture": "#0"},
				"west": {"uv": [4.875, 11.125, 5.875, 11.25], "texture": "#0"},
				"up": {"uv": [1.875, 12.875, 2.25, 11.875], "texture": "#0"},
				"down": {"uv": [1.5, 11.875, 1.875, 12.875], "texture": "#0"}
			}
		},
		{
			"name": "Voxels",
			"from": [7.8095, 8.5714, 13.1429],
			"to": [8.5714, 8.95235, 13.33338],
			"faces": {
				"north": {"uv": [5.375, 11.375, 4.875, 11.625], "texture": "#0"},
				"east": {"uv": [6.125, 8.25, 6, 8.5], "texture": "#0"},
				"south": {"uv": [5.375, 11.625, 5.875, 11.875], "texture": "#0"},
				"west": {"uv": [6, 8.625, 6.125, 8.875], "texture": "#0"},
				"up": {"uv": [8.125, 11.875, 8.625, 11.75], "texture": "#0"},
				"down": {"uv": [8.125, 10.875, 8.625, 11], "texture": "#0"}
			}
		},
		{
			"name": "Voxels",
			"from": [7.8095, 8.5714, 13.7143],
			"to": [8.95236, 8.95235, 13.90478],
			"faces": {
				"north": {"uv": [3.5, 9.75, 2.75, 10], "texture": "#0"},
				"east": {"uv": [7.875, 15.125, 7.75, 15.375], "texture": "#0"},
				"south": {"uv": [3.75, 10, 4.5, 10.25], "texture": "#0"},
				"west": {"uv": [6, 8, 6.125, 8.25], "texture": "#0"},
				"up": {"uv": [6.25, 11, 7, 10.875], "texture": "#0"},
				"down": {"uv": [6.25, 11.5, 7, 11.625], "texture": "#0"}
			}
		},
		{
			"name": "Voxels",
			"from": [7.8095, 8.7619, 2.0952],
			"to": [8.38093, 8.95238, 2.28568],
			"faces": {
				"north": {"uv": [14, 15, 13.625, 15.125], "texture": "#0"},
				"east": {"uv": [9.25, 12.875, 9.125, 13], "texture": "#0"},
				"south": {"uv": [14, 15, 14.375, 15.125], "texture": "#0"},
				"west": {"uv": [9.125, 13.125, 9.25, 13.25], "texture": "#0"},
				"up": {"uv": [10.25, 15.125, 10.625, 15], "texture": "#0"},
				"down": {"uv": [11, 15.125, 11.375, 15.25], "texture": "#0"}
			}
		},
		{
			"name": "Voxels",
			"from": [7.8095, 8.7619, 2.8571],
			"to": [8.5714, 8.95238, 3.42853],
			"faces": {
				"north": {"uv": [14.125, 15.5, 13.625, 15.625], "texture": "#0"},
				"east": {"uv": [13.5, 15.25, 13.125, 15.375], "texture": "#0"},
				"south": {"uv": [13.125, 15.5, 13.625, 15.625], "texture": "#0"},
				"west": {"uv": [13.5, 15.25, 13.875, 15.375], "texture": "#0"},
				"up": {"uv": [2.25, 9.625, 2.75, 9.25], "texture": "#0"},
				"down": {"uv": [2.25, 8.875, 2.75, 9.25], "texture": "#0"}
			}
		},
		{
			"name": "Voxels",
			"from": [7.8095, 8.7619, 3.8095],
			"to": [8.19045, 8.95238, 4.57141],
			"faces": {
				"north": {"uv": [7.625, 14.625, 7.375, 14.75], "texture": "#0"},
				"east": {"uv": [13.125, 15.625, 12.625, 15.75], "texture": "#0"},
				"south": {"uv": [7.625, 14.625, 7.875, 14.75], "texture": "#0"},
				"west": {"uv": [13.125, 15.625, 13.625, 15.75], "texture": "#0"},
				"up": {"uv": [4.875, 13.25, 5.125, 12.75], "texture": "#0"},
				"down": {"uv": [4.875, 12.125, 5.125, 12.625], "texture": "#0"}
			}
		},
		{
			"name": "Voxels",
			"from": [7.8095, 8.7619, 5.7143],
			"to": [8.5714, 8.95238, 5.90478],
			"faces": {
				"north": {"uv": [10.875, 15.75, 10.375, 15.875], "texture": "#0"},
				"east": {"uv": [9.25, 9.5, 9.125, 9.625], "texture": "#0"},
				"south": {"uv": [7.125, 8.125, 7.625, 8.25], "texture": "#0"},
				"west": {"uv": [9.125, 9.625, 9.25, 9.75], "texture": "#0"},
				"up": {"uv": [9.625, 15.75, 10.125, 15.625], "texture": "#0"},
				"down": {"uv": [10.125, 15.625, 10.625, 15.75], "texture": "#0"}
			}
		},
		{
			"name": "Voxels",
			"from": [7.8095, 8.7619, 6.4762],
			"to": [8.19045, 8.95238, 6.85715],
			"faces": {
				"north": {"uv": [7.875, 8.75, 7.625, 8.875], "texture": "#0"},
				"east": {"uv": [7.875, 8.375, 7.625, 8.5], "texture": "#0"},
				"south": {"uv": [7.625, 8.625, 7.875, 8.75], "texture": "#0"},
				"west": {"uv": [7.625, 8.5, 7.875, 8.625], "texture": "#0"},
				"up": {"uv": [5.875, 11.875, 6.125, 11.625], "texture": "#0"},
				"down": {"uv": [5.875, 10.625, 6.125, 10.875], "texture": "#0"}
			}
		},
		{
			"name": "Voxels",
			"from": [7.8095, 8.7619, 11.0476],
			"to": [8.19045, 8.95238, 11.42855],
			"faces": {
				"north": {"uv": [7.875, 8.25, 7.625, 8.375], "texture": "#0"},
				"east": {"uv": [15.625, 15, 15.375, 15.125], "texture": "#0"},
				"south": {"uv": [15.75, 15.25, 16, 15.375], "texture": "#0"},
				"west": {"uv": [15.125, 15, 15.375, 15.125], "texture": "#0"},
				"up": {"uv": [5.875, 14.25, 6.125, 14], "texture": "#0"},
				"down": {"uv": [5.875, 13.375, 6.125, 13.625], "texture": "#0"}
			}
		},
		{
			"name": "Voxels",
			"from": [7.8095, 8.7619, 12.1905],
			"to": [8.19045, 8.95238, 12.76193],
			"faces": {
				"north": {"uv": [9, 14.875, 8.75, 15], "texture": "#0"},
				"east": {"uv": [11.25, 15.25, 10.875, 15.375], "texture": "#0"},
				"south": {"uv": [8.75, 14.75, 9, 14.875], "texture": "#0"},
				"west": {"uv": [11.25, 15.25, 11.625, 15.375], "texture": "#0"},
				"up": {"uv": [6.125, 10.875, 6.375, 10.5], "texture": "#0"},
				"down": {"uv": [6.875, 12.625, 7.125, 13], "texture": "#0"}
			}
		},
		{
			"name": "Voxels",
			"from": [7.8095, 8.9524, 2.6667],
			"to": [8.19045, 9.14288, 3.42861],
			"faces": {
				"north": {"uv": [9, 14.5, 8.75, 14.625], "texture": "#0"},
				"east": {"uv": [10.875, 15.875, 10.375, 16], "texture": "#0"},
				"south": {"uv": [8.75, 14.375, 9, 14.5], "texture": "#0"},
				"west": {"uv": [12.375, 15.875, 12.875, 16], "texture": "#0"},
				"up": {"uv": [4.875, 14.25, 5.125, 13.75], "texture": "#0"},
				"down": {"uv": [5.125, 13.75, 5.375, 14.25], "texture": "#0"}
			}
		},
		{
			"name": "Voxels",
			"from": [7.8095, 8.9524, 5.3333],
			"to": [8.19045, 9.14288, 5.52378],
			"faces": {
				"north": {"uv": [9, 14, 8.75, 14.125], "texture": "#0"},
				"east": {"uv": [7.125, 11.75, 7, 11.875], "texture": "#0"},
				"south": {"uv": [8.75, 13.875, 9, 14], "texture": "#0"},
				"west": {"uv": [7, 11.875, 7.125, 12], "texture": "#0"},
				"up": {"uv": [8.75, 14.25, 9, 14.125], "texture": "#0"},
				"down": {"uv": [8.75, 14.25, 9, 14.375], "texture": "#0"}
			}
		},
		{
			"name": "Voxels",
			"from": [7.8095, 8.9524, 7.4286],
			"to": [8.5714, 9.14288, 8.19051],
			"faces": {
				"north": {"uv": [7.625, 8.625, 7.125, 8.75], "texture": "#0"},
				"east": {"uv": [8.625, 9, 8.125, 9.125], "texture": "#0"},
				"south": {"uv": [7.125, 8.75, 7.625, 8.875], "texture": "#0"},
				"west": {"uv": [8.125, 9.125, 8.625, 9.25], "texture": "#0"},
				"up": {"uv": [4.25, 15, 4.75, 14.5], "texture": "#0"},
				"down": {"uv": [2.75, 13.5, 3.25, 14], "texture": "#0"}
			}
		},
		{
			"name": "Voxels",
			"from": [7.8095, 8.9524, 13.1429],
			"to": [8.19045, 9.14288, 13.33338],
			"faces": {
				"north": {"uv": [9, 13.5, 8.75, 13.625], "texture": "#0"},
				"east": {"uv": [7.875, 9.25, 7.75, 9.375], "texture": "#0"},
				"south": {"uv": [8.75, 13.375, 9, 13.5], "texture": "#0"},
				"west": {"uv": [7.75, 10, 7.875, 10.125], "texture": "#0"},
				"up": {"uv": [8.75, 13.75, 9, 13.625], "texture": "#0"},
				"down": {"uv": [8.75, 13.75, 9, 13.875], "texture": "#0"}
			}
		},
		{
			"name": "Voxels",
			"from": [8, 8.5714, 5.7143],
			"to": [8.57143, 8.76188, 5.90478],
			"faces": {
				"north": {"uv": [15, 15.25, 14.625, 15.375], "texture": "#0"},
				"east": {"uv": [14, 14.625, 13.875, 14.75], "texture": "#0"},
				"south": {"uv": [15, 15.25, 15.375, 15.375], "texture": "#0"},
				"west": {"uv": [13.75, 14.625, 13.875, 14.75], "texture": "#0"},
				"up": {"uv": [14.25, 15.375, 14.625, 15.25], "texture": "#0"},
				"down": {"uv": [13.875, 15.25, 14.25, 15.375], "texture": "#0"}
			}
		},
		{
			"name": "Voxels",
			"from": [8, 8.5714, 7.8095],
			"to": [8.57143, 8.76188, 8.38093],
			"faces": {
				"north": {"uv": [9.125, 15.125, 8.75, 15.25], "texture": "#0"},
				"east": {"uv": [10.25, 15.125, 9.875, 15.25], "texture": "#0"},
				"south": {"uv": [9.125, 15.125, 9.5, 15.25], "texture": "#0"},
				"west": {"uv": [9.5, 15.125, 9.875, 15.25], "texture": "#0"},
				"up": {"uv": [1.875, 9.5, 2.25, 9.125], "texture": "#0"},
				"down": {"uv": [4.5, 8.5, 4.875, 8.875], "texture": "#0"}
			}
		},
		{
			"name": "Voxels",
			"from": [8, 8.9524, 5.5238],
			"to": [8.38095, 9.33335, 5.90475],
			"faces": {
				"north": {"uv": [8.125, 11.5, 7.875, 11.75], "texture": "#0"},
				"east": {"uv": [8.125, 10.75, 7.875, 11], "texture": "#0"},
				"south": {"uv": [7.875, 11.25, 8.125, 11.5], "texture": "#0"},
				"west": {"uv": [7.875, 11, 8.125, 11.25], "texture": "#0"},
				"up": {"uv": [3.75, 8.25, 4, 8], "texture": "#0"},
				"down": {"uv": [7.875, 11.75, 8.125, 12], "texture": "#0"}
			}
		},
		{
			"name": "Voxels",
			"from": [8, 8.9524, 5.9048],
			"to": [8.38095, 9.14288, 6.47623],
			"faces": {
				"north": {"uv": [9, 11, 8.75, 11.125], "texture": "#0"},
				"east": {"uv": [13.625, 15.125, 13.25, 15.25], "texture": "#0"},
				"south": {"uv": [8.75, 10.875, 9, 11], "texture": "#0"},
				"west": {"uv": [12.875, 15.125, 13.25, 15.25], "texture": "#0"},
				"up": {"uv": [6.625, 10.875, 6.875, 10.5], "texture": "#0"},
				"down": {"uv": [6.375, 10.5, 6.625, 10.875], "texture": "#0"}
			}
		},
		{
			"name": "Voxels",
			"from": [8, 8.9524, 7.2381],
			"to": [8.57143, 9.14288, 7.42858],
			"faces": {
				"north": {"uv": [15.5, 15.125, 15.125, 15.25], "texture": "#0"},
				"east": {"uv": [9.25, 12, 9.125, 12.125], "texture": "#0"},
				"south": {"uv": [15.5, 15.125, 15.875, 15.25], "texture": "#0"},
				"west": {"uv": [9.125, 12.125, 9.25, 12.25], "texture": "#0"},
				"up": {"uv": [14.75, 15.25, 15.125, 15.125], "texture": "#0"},
				"down": {"uv": [13.625, 15.125, 14, 15.25], "texture": "#0"}
			}
		},
		{
			"name": "Voxels",
			"from": [8, 8.9524, 8.1905],
			"to": [8.38095, 9.14288, 8.38098],
			"faces": {
				"north": {"uv": [9, 9.75, 8.75, 9.875], "texture": "#0"},
				"east": {"uv": [9.25, 11.25, 9.125, 11.375], "texture": "#0"},
				"south": {"uv": [8.75, 9.625, 9, 9.75], "texture": "#0"},
				"west": {"uv": [9.125, 11.375, 9.25, 11.5], "texture": "#0"},
				"up": {"uv": [8.75, 10, 9, 9.875], "texture": "#0"},
				"down": {"uv": [8.75, 10, 9, 10.125], "texture": "#0"}
			}
		},
		{
			"name": "Voxels",
			"from": [8, 9.1429, 8],
			"to": [8.38095, 9.52385, 8.19048],
			"faces": {
				"north": {"uv": [8.125, 10.5, 7.875, 10.75], "texture": "#0"},
				"east": {"uv": [8.875, 8.875, 8.75, 9.125], "texture": "#0"},
				"south": {"uv": [7.875, 10.25, 8.125, 10.5], "texture": "#0"},
				"west": {"uv": [8.875, 10.25, 9, 10.5], "texture": "#0"},
				"up": {"uv": [8.75, 9.5, 9, 9.375], "texture": "#0"},
				"down": {"uv": [8.75, 9.5, 9, 9.625], "texture": "#0"}
			}
		},
		{
			"name": "Voxels",
			"from": [8, 9.3333, 5.7143],
			"to": [8.38095, 9.52378, 5.90478],
			"faces": {
				"north": {"uv": [9, 8.5, 8.75, 8.625], "texture": "#0"},
				"east": {"uv": [9.25, 8.25, 9.125, 8.375], "texture": "#0"},
				"south": {"uv": [8.75, 8.375, 9, 8.5], "texture": "#0"},
				"west": {"uv": [9.125, 8.5, 9.25, 8.625], "texture": "#0"},
				"up": {"uv": [8.75, 8.75, 9, 8.625], "texture": "#0"},
				"down": {"uv": [8.75, 8.75, 9, 8.875], "texture": "#0"}
			}
		},
		{
			"name": "Voxels",
			"from": [8.1905, 8.1905, 2.4762],
			"to": [8.57145, 8.57145, 2.85715],
			"faces": {
				"north": {"uv": [8.125, 9.5, 7.875, 9.75], "texture": "#0"},
				"east": {"uv": [8.125, 8.75, 7.875, 9], "texture": "#0"},
				"south": {"uv": [7.875, 9.25, 8.125, 9.5], "texture": "#0"},
				"west": {"uv": [7.875, 9, 8.125, 9.25], "texture": "#0"},
				"up": {"uv": [7.875, 10, 8.125, 9.75], "texture": "#0"},
				"down": {"uv": [7.875, 10, 8.125, 10.25], "texture": "#0"}
			}
		},
		{
			"name": "Voxels",
			"from": [8.1905, 8.1905, 2.8571],
			"to": [8.57145, 8.38098, 3.61901],
			"faces": {
				"north": {"uv": [10.5, 14.875, 10.25, 15], "texture": "#0"},
				"east": {"uv": [8.625, 8.25, 8.125, 8.375], "texture": "#0"},
				"south": {"uv": [10.5, 14.875, 10.75, 15], "texture": "#0"},
				"west": {"uv": [8.125, 8.375, 8.625, 8.5], "texture": "#0"},
				"up": {"uv": [5.125, 15.25, 5.375, 14.75], "texture": "#0"},
				"down": {"uv": [5.375, 15.25, 5.625, 15.75], "texture": "#0"}
			}
		},
		{
			"name": "Voxels",
			"from": [8.1905, 8.1905, 5.9048],
			"to": [8.38098, 8.57145, 6.09528],
			"faces": {
				"north": {"uv": [9.125, 14.625, 9, 14.875], "texture": "#0"},
				"east": {"uv": [9.125, 13.875, 9, 14.125], "texture": "#0"},
				"south": {"uv": [9, 14.375, 9.125, 14.625], "texture": "#0"},
				"west": {"uv": [9, 14.125, 9.125, 14.375], "texture": "#0"},
				"up": {"uv": [9.25, 13, 9.375, 12.875], "texture": "#0"},
				"down": {"uv": [9.25, 13, 9.375, 13.125], "texture": "#0"}
			}
		},
		{
			"name": "Voxels",
			"from": [8.1905, 8.1905, 7.619],
			"to": [8.57145, 8.76193, 7.80948],
			"faces": {
				"north": {"uv": [7.125, 10.5, 6.875, 10.875], "texture": "#0"},
				"east": {"uv": [8.75, 11.5, 8.625, 11.875], "texture": "#0"},
				"south": {"uv": [6.125, 10.125, 6.375, 10.5], "texture": "#0"},
				"west": {"uv": [8.625, 11.875, 8.75, 12.25], "texture": "#0"},
				"up": {"uv": [11.25, 15, 11.5, 14.875], "texture": "#0"},
				"down": {"uv": [11, 14.875, 11.25, 15], "texture": "#0"}
			}
		},
		{
			"name": "Voxels",
			"from": [8.1905, 8.1905, 8.1905],
			"to": [8.57145, 8.57145, 10.66669],
			"faces": {
				"north": {"uv": [3.75, 12.75, 3.5, 13], "texture": "#0"},
				"east": {"uv": [2.125, 10.625, 0.5, 10.875], "texture": "#0"},
				"south": {"uv": [4.625, 10.5, 4.875, 10.75], "texture": "#0"},
				"west": {"uv": [0.5, 10.875, 2.125, 11.125], "texture": "#0"},
				"up": {"uv": [1, 12.875, 1.25, 11.25], "texture": "#0"},
				"down": {"uv": [1.25, 11.25, 1.5, 12.875], "texture": "#0"}
			}
		},
		{
			"name": "Voxels",
			"from": [8.1905, 8.1905, 13.7143],
			"to": [8.95241, 8.57145, 13.90478],
			"faces": {
				"north": {"uv": [4.75, 13.25, 4.25, 13.5], "texture": "#0"},
				"east": {"uv": [9.125, 11.875, 9, 12.125], "texture": "#0"},
				"south": {"uv": [6.25, 14.875, 6.75, 15.125], "texture": "#0"},
				"west": {"uv": [9, 12.125, 9.125, 12.375], "texture": "#0"},
				"up": {"uv": [7.875, 16, 8.375, 15.875], "texture": "#0"},
				"down": {"uv": [7.125, 8, 7.625, 8.125], "texture": "#0"}
			}
		},
		{
			"name": "Voxels",
			"from": [8.1905, 8.381, 2.2857],
			"to": [8.57145, 8.57148, 2.47618],
			"faces": {
				"north": {"uv": [13.75, 14.875, 13.5, 15], "texture": "#0"},
				"east": {"uv": [7.875, 10.5, 7.75, 10.625], "texture": "#0"},
				"south": {"uv": [13.75, 14.875, 14, 15], "texture": "#0"},
				"west": {"uv": [7.75, 10.625, 7.875, 10.75], "texture": "#0"},
				"up": {"uv": [13.25, 15, 13.5, 14.875], "texture": "#0"},
				"down": {"uv": [13, 14.875, 13.25, 15], "texture": "#0"}
			}
		},
		{
			"name": "Voxels",
			"from": [8.1905, 8.381, 3.4286],
			"to": [8.57145, 8.57148, 3.80955],
			"faces": {
				"north": {"uv": [14.25, 14.875, 14, 15], "texture": "#0"},
				"east": {"uv": [15, 14.875, 14.75, 15], "texture": "#0"},
				"south": {"uv": [14.25, 14.875, 14.5, 15], "texture": "#0"},
				"west": {"uv": [14.5, 14.875, 14.75, 15], "texture": "#0"},
				"up": {"uv": [3.5, 8.25, 3.75, 8], "texture": "#0"},
				"down": {"uv": [4.625, 10.25, 4.875, 10.5], "texture": "#0"}
			}
		},
		{
			"name": "Voxels",
			"from": [8.1905, 8.381, 5.7143],
			"to": [8.38098, 8.57148, 5.90478],
			"faces": {
				"north": {"uv": [16, 15.875, 15.875, 16], "texture": "#0"},
				"east": {"uv": [8.625, 8, 8.5, 8.125], "texture": "#0"},
				"south": {"uv": [15.875, 15.75, 16, 15.875], "texture": "#0"},
				"west": {"uv": [8, 13, 8.125, 13.125], "texture": "#0"},
				"up": {"uv": [7.75, 9, 7.875, 8.875], "texture": "#0"},
				"down": {"uv": [7.75, 9, 7.875, 9.125], "texture": "#0"}
			}
		},
		{
			"name": "Voxels",
			"from": [8.1905, 8.381, 6.0952],
			"to": [8.38098, 8.57148, 7.61901],
			"faces": {
				"north": {"uv": [9.125, 8, 9, 8.125], "texture": "#0"},
				"east": {"uv": [6, 9, 5, 9.125], "texture": "#0"},
				"south": {"uv": [15.875, 14.75, 16, 14.875], "texture": "#0"},
				"west": {"uv": [5, 8.875, 6, 9], "texture": "#0"},
				"up": {"uv": [6.125, 15.125, 6.25, 14.125], "texture": "#0"},
				"down": {"uv": [4.875, 9.125, 5, 10.125], "texture": "#0"}
			}
		},
		{
			"name": "Voxels",
			"from": [8.1905, 8.381, 7.8095],
			"to": [8.57145, 8.57148, 8.19045],
			"faces": {
				"north": {"uv": [16, 14.875, 15.75, 15], "texture": "#0"},
				"east": {"uv": [9.875, 14.75, 9.625, 14.875], "texture": "#0"},
				"south": {"uv": [9.125, 14.75, 9.375, 14.875], "texture": "#0"},
				"west": {"uv": [9.375, 14.75, 9.625, 14.875], "texture": "#0"},
				"up": {"uv": [4.25, 8.25, 4.5, 8], "texture": "#0"},
				"down": {"uv": [4, 8, 4.25, 8.25], "texture": "#0"}
			}
		},
		{
			"name": "Voxels",
			"from": [8.1905, 8.381, 10.6667],
			"to": [8.57145, 8.57148, 11.04765],
			"faces": {
				"north": {"uv": [10.625, 14.75, 10.375, 14.875], "texture": "#0"},
				"east": {"uv": [11.375, 14.75, 11.125, 14.875], "texture": "#0"},
				"south": {"uv": [10.625, 14.75, 10.875, 14.875], "texture": "#0"},
				"west": {"uv": [10.875, 14.75, 11.125, 14.875], "texture": "#0"},
				"up": {"uv": [5.875, 15, 6.125, 14.75], "texture": "#0"},
				"down": {"uv": [5.875, 15, 6.125, 15.25], "texture": "#0"}
			}
		},
		{
			"name": "Voxels",
			"from": [8.1905, 8.381, 11.0476],
			"to": [8.38098, 8.57148, 12.57141],
			"faces": {
				"north": {"uv": [15.75, 14.625, 15.625, 14.75], "texture": "#0"},
				"east": {"uv": [7.125, 13.75, 6.125, 13.875], "texture": "#0"},
				"south": {"uv": [15.75, 14.625, 15.875, 14.75], "texture": "#0"},
				"west": {"uv": [6.125, 13.625, 7.125, 13.75], "texture": "#0"},
				"up": {"uv": [6.125, 13.625, 6.25, 12.625], "texture": "#0"},
				"down": {"uv": [6.25, 12.625, 6.375, 13.625], "texture": "#0"}
			}
		},
		{
			"name": "Voxels",
			"from": [8.1905, 8.381, 13.1429],
			"to": [8.57145, 8.57148, 13.71433],
			"faces": {
				"north": {"uv": [12.625, 14.75, 12.375, 14.875], "texture": "#0"},
				"east": {"uv": [14.75, 15.125, 14.375, 15.25], "texture": "#0"},
				"south": {"uv": [12.625, 14.75, 12.875, 14.875], "texture": "#0"},
				"west": {"uv": [14, 15.125, 14.375, 15.25], "texture": "#0"},
				"up": {"uv": [6.625, 10.5, 6.875, 10.125], "texture": "#0"},
				"down": {"uv": [6.375, 10.125, 6.625, 10.5], "texture": "#0"}
			}
		},
		{
			"name": "Voxels",
			"from": [8.1905, 8.5714, 2.6667],
			"to": [8.57145, 8.76188, 3.42861],
			"faces": {
				"north": {"uv": [14.125, 14.75, 13.875, 14.875], "texture": "#0"},
				"east": {"uv": [12.375, 15.75, 11.875, 15.875], "texture": "#0"},
				"south": {"uv": [14.125, 14.75, 14.375, 14.875], "texture": "#0"},
				"west": {"uv": [11.375, 15.75, 11.875, 15.875], "texture": "#0"},
				"up": {"uv": [6.25, 14.625, 6.5, 14.125], "texture": "#0"},
				"down": {"uv": [6.5, 14.125, 6.75, 14.625], "texture": "#0"}
			}
		},
		{
			"name": "Voxels",
			"from": [8.1905, 8.5714, 8.381],
			"to": [8.57145, 8.76188, 10.47624],
			"faces": {
				"north": {"uv": [14.875, 14.75, 14.625, 14.875], "texture": "#0"},
				"east": {"uv": [4.375, 9.125, 3, 9.25], "texture": "#0"},
				"south": {"uv": [14.875, 14.75, 15.125, 14.875], "texture": "#0"},
				"west": {"uv": [3, 9, 4.375, 9.125], "texture": "#0"},
				"up": {"uv": [0.75, 9.5, 1, 8.125], "texture": "#0"},
				"down": {"uv": [0.5, 8.125, 0.75, 9.5], "texture": "#0"}
			}
		},
		{
			"name": "Voxels",
			"from": [8.1905, 8.5714, 13.9048],
			"to": [8.95241, 8.76188, 14.09528],
			"faces": {
				"north": {"uv": [14.875, 15.75, 14.375, 15.875], "texture": "#0"},
				"east": {"uv": [9.25, 10.25, 9.125, 10.375], "texture": "#0"},
				"south": {"uv": [14.875, 15.75, 15.375, 15.875], "texture": "#0"},
				"west": {"uv": [9.125, 10.375, 9.25, 10.5], "texture": "#0"},
				"up": {"uv": [13.875, 15.875, 14.375, 15.75], "texture": "#0"},
				"down": {"uv": [13.375, 15.75, 13.875, 15.875], "texture": "#0"}
			}
		},
		{
			"name": "Voxels",
			"from": [8.1905, 8.9524, 2.8571],
			"to": [8.38098, 9.14288, 3.23805],
			"faces": {
				"north": {"uv": [9.25, 9.875, 9.125, 10], "texture": "#0"},
				"east": {"uv": [9.875, 14.625, 9.625, 14.75], "texture": "#0"},
				"south": {"uv": [9.125, 9.75, 9.25, 9.875], "texture": "#0"},
				"west": {"uv": [9.375, 14.625, 9.625, 14.75], "texture": "#0"},
				"up": {"uv": [9, 9.125, 9.125, 8.875], "texture": "#0"},
				"down": {"uv": [9, 9.125, 9.125, 9.375], "texture": "#0"}
			}
		},
		{
			"name": "Voxels",
			"from": [8.1905, 9.3333, 5.5238],
			"to": [8.38098, 9.52378, 5.71428],
			"faces": {
				"north": {"uv": [9.25, 9.125, 9.125, 9.25], "texture": "#0"},
				"east": {"uv": [9.25, 8.75, 9.125, 8.875], "texture": "#0"},
				"south": {"uv": [9.125, 9, 9.25, 9.125], "texture": "#0"},
				"west": {"uv": [9.125, 8.875, 9.25, 9], "texture": "#0"},
				"up": {"uv": [9.125, 9.375, 9.25, 9.25], "texture": "#0"},
				"down": {"uv": [9.125, 9.375, 9.25, 9.5], "texture": "#0"}
			}
		},
		{
			"name": "Voxels",
			"from": [8.381, 8.1905, 13.9048],
			"to": [8.95243, 8.57145, 14.09528],
			"faces": {
				"north": {"uv": [7.125, 14.875, 6.75, 15.125], "texture": "#0"},
				"east": {"uv": [9.125, 8.375, 9, 8.625], "texture": "#0"},
				"south": {"uv": [6.75, 14.625, 7.125, 14.875], "texture": "#0"},
				"west": {"uv": [9, 8.625, 9.125, 8.875], "texture": "#0"},
				"up": {"uv": [11.375, 15.125, 11.75, 15], "texture": "#0"},
				"down": {"uv": [11, 15, 11.375, 15.125], "texture": "#0"}
			}
		},
		{
			"name": "Voxels",
			"from": [8.381, 8.381, 2.8571],
			"to": [8.57148, 8.57148, 3.42853],
			"faces": {
				"north": {"uv": [9.375, 14.25, 9.25, 14.375], "texture": "#0"},
				"east": {"uv": [12.875, 15, 12.5, 15.125], "texture": "#0"},
				"south": {"uv": [9.25, 14.125, 9.375, 14.25], "texture": "#0"},
				"west": {"uv": [12.125, 15, 12.5, 15.125], "texture": "#0"},
				"up": {"uv": [8.625, 9.625, 8.75, 9.25], "texture": "#0"},
				"down": {"uv": [8.625, 9.625, 8.75, 10], "texture": "#0"}
			}
		},
		{
			"name": "Voxels",
			"from": [8.381, 8.381, 7.0476],
			"to": [8.57148, 8.76195, 7.61903],
			"faces": {
				"north": {"uv": [9.125, 8.125, 9, 8.375], "texture": "#0"},
				"east": {"uv": [6.875, 9.875, 6.5, 10.125], "texture": "#0"},
				"south": {"uv": [9.125, 14.375, 9.25, 14.625], "texture": "#0"},
				"west": {"uv": [6.125, 9.875, 6.5, 10.125], "texture": "#0"},
				"up": {"uv": [8.625, 8.875, 8.75, 8.5], "texture": "#0"},
				"down": {"uv": [8.625, 8.875, 8.75, 9.25], "texture": "#0"}
			}
		},
		{
			"name": "Voxels",
			"from": [8.381, 8.7619, 7.2381],
			"to": [8.57148, 8.95238, 8.19048],
			"faces": {
				"north": {"uv": [9.375, 12.75, 9.25, 12.875], "texture": "#0"},
				"east": {"uv": [7.75, 9, 7.125, 9.125], "texture": "#0"},
				"south": {"uv": [9.25, 12.625, 9.375, 12.75], "texture": "#0"},
				"west": {"uv": [7.125, 8.875, 7.75, 9], "texture": "#0"},
				"up": {"uv": [7.125, 10, 7.25, 9.375], "texture": "#0"},
				"down": {"uv": [7.25, 9.375, 7.375, 10], "texture": "#0"}
			}
		},
		{
			"name": "Voxels",
			"from": [8.381, 8.9524, 5.7143],
			"to": [8.57148, 9.14288, 5.90478],
			"faces": {
				"north": {"uv": [9.375, 12, 9.25, 12.125], "texture": "#0"},
				"east": {"uv": [9.375, 11.625, 9.25, 11.75], "texture": "#0"},
				"south": {"uv": [9.25, 11.875, 9.375, 12], "texture": "#0"},
				"west": {"uv": [9.25, 11.75, 9.375, 11.875], "texture": "#0"},
				"up": {"uv": [9.25, 12.25, 9.375, 12.125], "texture": "#0"},
				"down": {"uv": [9.25, 12.25, 9.375, 12.375], "texture": "#0"}
			}
		},
		{
			"name": "Voxels",
			"from": [8.5714, 8.381, 13.3333],
			"to": [8.76188, 8.57148, 13.71425],
			"faces": {
				"north": {"uv": [9.375, 11.25, 9.25, 11.375], "texture": "#0"},
				"east": {"uv": [13.625, 14.625, 13.375, 14.75], "texture": "#0"},
				"south": {"uv": [9.25, 11.125, 9.375, 11.25], "texture": "#0"},
				"west": {"uv": [13.125, 14.625, 13.375, 14.75], "texture": "#0"},
				"up": {"uv": [9.125, 13.625, 9.25, 13.375], "texture": "#0"},
				"down": {"uv": [9.125, 13.625, 9.25, 13.875], "texture": "#0"}
			}
		}
	],
	"gui_light": "front",
	"display": {
		"thirdperson_righthand": {
			"translation": [0, 0, -2.5],
			"scale": [1.5, 1.5, 1.5]
		},
		"thirdperson_lefthand": {
			"translation": [0, 0, -2.5],
			"scale": [1.5, 1.5, 1.5]
		},
		"firstperson_righthand": {
			"translation": [4.25, 3, 0],
			"scale": [1.5, 1.5, 1.5]
		},
		"firstperson_lefthand": {
			"rotation": [7, 0, 0],
			"translation": [-8.75, 4.25, 0],
			"scale": [1.5, 1.5, 1.5]
		},
		"ground": {
			"translation": [0, -3, 0],
			"scale": [1.5, 1.5, 1.5]
		},
		"gui": {
			"rotation": [45, -45, 45],
			"translation": [0.75, 0, 0],
			"scale": [1.5, 1.5, 1.5]
		},
		"fixed": {
			"rotation": [0, 90, 0],
			"translation": [-0.25, -1.25, 0],
			"scale": [1.5, 1.5, 1.5]
		}
	}
}