{
	"__comment": "Designed by ThePatriotsFan",
	"textures": {
		
		"sniper_ammo_atlas": "guns/sniper_ammo_atlas"
	},
	"elements": [ 	 
		{
			"__comment": "Voxels",
			"from": [ 1.2, -0.2, 12.6 ],
			"to": [ 5.6, 0.2, 12.8 ],
			"faces": {
				"down": { "uv": [ 12.375, 11.75, 15.125, 11.875 ], "texture": "#sniper_ammo_atlas" },
				"up": { "uv": [ 8.25, 13.625, 11, 13.5 ], "texture": "#sniper_ammo_atlas" },
				"north": { "uv": [ 2.75, 11.75, 0, 12 ], "texture": "#sniper_ammo_atlas" },
				"south": { "uv": [ 0, 11.5, 2.75, 11.75 ], "texture": "#sniper_ammo_atlas" },
				"west": { "uv": [ 8.25, 8.875, 8.375, 9.125 ], "texture": "#sniper_ammo_atlas" },
				"east": { "uv": [ 2.875, 10.25, 2.75, 10.5 ], "texture": "#sniper_ammo_atlas" }
			}
		},
		{
			"__comment": "Voxels",
			"from": [ 1.2, -0.2, 12.8 ],
			"to": [ 5.4, 0.2, 13 ],
			"faces": {
				"down": { "uv": [ 9.625, 10.375, 12.25, 10.5 ], "texture": "#sniper_ammo_atlas" },
				"up": { "uv": [ 9.625, 10.375, 12.25, 10.25 ], "texture": "#sniper_ammo_atlas" },
				"north": { "uv": [ 5.5, 9.25, 2.875, 9.5 ], "texture": "#sniper_ammo_atlas" },
				"south": { "uv": [ 2.875, 9, 5.5, 9.25 ], "texture": "#sniper_ammo_atlas" },
				"west": { "uv": [ 8.5, 9.375, 8.625, 9.625 ], "texture": "#sniper_ammo_atlas" },
				"east": { "uv": [ 8.75, 9.375, 8.625, 9.625 ], "texture": "#sniper_ammo_atlas" }
			}
		},
		{
			"__comment": "Voxels",
			"from": [ 1.4, -0.2, 12.2 ],
			"to": [ 6, 0.2, 12.4 ],
			"faces": {
				"down": { "uv": [ 12.75, 14.5, 15.625, 14.625 ], "texture": "#sniper_ammo_atlas" },
				"up": { "uv": [ 12.75, 14.75, 15.625, 14.625 ], "texture": "#sniper_ammo_atlas" },
				"north": { "uv": [ 2.875, 12.25, 0, 12.5 ], "texture": "#sniper_ammo_atlas" },
				"south": { "uv": [ 0, 12, 2.875, 12.25 ], "texture": "#sniper_ammo_atlas" },
				"west": { "uv": [ 8.625, 9.125, 8.75, 9.375 ], "texture": "#sniper_ammo_atlas" },
				"east": { "uv": [ 8.875, 9.125, 8.75, 9.375 ], "texture": "#sniper_ammo_atlas" }
			}
		},
		{
			"__comment": "Voxels",
			"from": [ 1.4, -0.2, 12.4 ],
			"to": [ 5.8, 0.2, 12.6 ],
			"faces": {
				"down": { "uv": [ 12.375, 13.125, 15.125, 13.25 ], "texture": "#sniper_ammo_atlas" },
				"up": { "uv": [ 9.625, 13.125, 12.375, 13 ], "texture": "#sniper_ammo_atlas" },
				"north": { "uv": [ 2.75, 8.5, 0, 8.75 ], "texture": "#sniper_ammo_atlas" },
				"south": { "uv": [ 0, 8.25, 2.75, 8.5 ], "texture": "#sniper_ammo_atlas" },
				"west": { "uv": [ 9.375, 9.125, 9.5, 9.375 ], "texture": "#sniper_ammo_atlas" },
				"east": { "uv": [ 9.625, 9.125, 9.5, 9.375 ], "texture": "#sniper_ammo_atlas" }
			}
		},
		{
			"__comment": "Voxels",
			"from": [ 1.4, -0.2, 13 ],
			"to": [ 5.2, 0.2, 13.2 ],
			"faces": {
				"down": { "uv": [ 12.375, 11.25, 14.75, 11.375 ], "texture": "#sniper_ammo_atlas" },
				"up": { "uv": [ 12.375, 11, 14.75, 10.875 ], "texture": "#sniper_ammo_atlas" },
				"north": { "uv": [ 8, 12.75, 5.625, 13 ], "texture": "#sniper_ammo_atlas" },
				"south": { "uv": [ 5.625, 11.75, 8, 12 ], "texture": "#sniper_ammo_atlas" },
				"west": { "uv": [ 8.5, 8.875, 8.625, 9.125 ], "texture": "#sniper_ammo_atlas" },
				"east": { "uv": [ 8.625, 8.625, 8.5, 8.875 ], "texture": "#sniper_ammo_atlas" }
			}
		},
		{
			"__comment": "Voxels",
			"from": [ 1.8, -0.2, 13.2 ],
			"to": [ 5, 0.2, 13.4 ],
			"faces": {
				"down": { "uv": [ 14, 14.375, 16, 14.5 ], "texture": "#sniper_ammo_atlas" },
				"up": { "uv": [ 14, 14.375, 16, 14.25 ], "texture": "#sniper_ammo_atlas" },
				"north": { "uv": [ 14.25, 15.5, 12.25, 15.75 ], "texture": "#sniper_ammo_atlas" },
				"south": { "uv": [ 10.25, 15.5, 12.25, 15.75 ], "texture": "#sniper_ammo_atlas" },
				"west": { "uv": [ 8.5, 8.375, 8.625, 8.625 ], "texture": "#sniper_ammo_atlas" },
				"east": { "uv": [ 8.625, 8.125, 8.5, 8.375 ], "texture": "#sniper_ammo_atlas" }
			}
		},
		{
			"__comment": "Voxels",
			"from": [ 2, -0.2, 11.8 ],
			"to": [ 6.4, 0.2, 12 ],
			"faces": {
				"down": { "uv": [ 12.375, 12.375, 15.125, 12.5 ], "texture": "#sniper_ammo_atlas" },
				"up": { "uv": [ 9.625, 12.375, 12.375, 12.25 ], "texture": "#sniper_ammo_atlas" },
				"north": { "uv": [ 5.625, 14.25, 2.875, 14.5 ], "texture": "#sniper_ammo_atlas" },
				"south": { "uv": [ 2.875, 14, 5.625, 14.25 ], "texture": "#sniper_ammo_atlas" },
				"west": { "uv": [ 8.875, 8.875, 9, 9.125 ], "texture": "#sniper_ammo_atlas" },
				"east": { "uv": [ 9.125, 8.875, 9, 9.125 ], "texture": "#sniper_ammo_atlas" }
			}
		},
		{
			"__comment": "Voxels",
			"from": [ 2, -0.2, 12 ],
			"to": [ 6.2, 0.2, 12.2 ],
			"faces": {
				"down": { "uv": [ 9.625, 9.375, 12.25, 9.5 ], "texture": "#sniper_ammo_atlas" },
				"up": { "uv": [ 9.625, 10.125, 12.25, 10 ], "texture": "#sniper_ammo_atlas" },
				"north": { "uv": [ 10.875, 15.75, 8.25, 16 ], "texture": "#sniper_ammo_atlas" },
				"south": { "uv": [ 2.875, 8.5, 5.5, 8.75 ], "texture": "#sniper_ammo_atlas" },
				"west": { "uv": [ 9.125, 8.875, 9.25, 9.125 ], "texture": "#sniper_ammo_atlas" },
				"east": { "uv": [ 9.375, 8.875, 9.25, 9.125 ], "texture": "#sniper_ammo_atlas" }
			}
		},
		{
			"__comment": "Voxels",
			"from": [ 2, -0.2, 13.4 ],
			"to": [ 4.8, 0.2, 13.6 ],
			"faces": {
				"down": { "uv": [ 12.375, 8.625, 14.125, 8.75 ], "texture": "#sniper_ammo_atlas" },
				"up": { "uv": [ 12.375, 8.875, 14.125, 8.75 ], "texture": "#sniper_ammo_atlas" },
				"north": { "uv": [ 16, 15.5, 14.25, 15.75 ], "texture": "#sniper_ammo_atlas" },
				"south": { "uv": [ 11.75, 15, 13.5, 15.25 ], "texture": "#sniper_ammo_atlas" },
				"west": { "uv": [ 2.75, 11.75, 2.875, 12 ], "texture": "#sniper_ammo_atlas" },
				"east": { "uv": [ 2.875, 11.5, 2.75, 11.75 ], "texture": "#sniper_ammo_atlas" }
			}
		},
		{
			"__comment": "Voxels",
			"from": [ 2, -0.2, 13.6 ],
			"to": [ 4.6, 0.2, 13.8 ],
			"faces": {
				"down": { "uv": [ 12.375, 8.25, 14, 8.375 ], "texture": "#sniper_ammo_atlas" },
				"up": { "uv": [ 12.375, 8.5, 14, 8.375 ], "texture": "#sniper_ammo_atlas" },
				"north": { "uv": [ 9.875, 14.75, 8.25, 15 ], "texture": "#sniper_ammo_atlas" },
				"south": { "uv": [ 13.5, 15, 15.125, 15.25 ], "texture": "#sniper_ammo_atlas" },
				"west": { "uv": [ 2.75, 11.25, 2.875, 11.5 ], "texture": "#sniper_ammo_atlas" },
				"east": { "uv": [ 2.875, 11, 2.75, 11.25 ], "texture": "#sniper_ammo_atlas" }
			}
		},
		{
			"__comment": "Voxels",
			"from": [ 2.2, -0.2, 11.6 ],
			"to": [ 6.6, 0.2, 11.8 ],
			"faces": {
				"down": { "uv": [ 9.625, 11, 12.375, 11.125 ], "texture": "#sniper_ammo_atlas" },
				"up": { "uv": [ 9.625, 11, 12.375, 10.875 ], "texture": "#sniper_ammo_atlas" },
				"north": { "uv": [ 5.625, 10.75, 2.875, 11 ], "texture": "#sniper_ammo_atlas" },
				"south": { "uv": [ 2.875, 10.5, 5.625, 10.75 ], "texture": "#sniper_ammo_atlas" },
				"west": { "uv": [ 2.75, 10.75, 2.875, 11 ], "texture": "#sniper_ammo_atlas" },
				"east": { "uv": [ 2.875, 10.5, 2.75, 10.75 ], "texture": "#sniper_ammo_atlas" }
			}
		},
		{
			"__comment": "Voxels",
			"from": [ 2.2, -0.2, 13.8 ],
			"to": [ 4.4, 0.2, 14 ],
			"faces": {
				"down": { "uv": [ 8.25, 11.25, 9.625, 11.375 ], "texture": "#sniper_ammo_atlas" },
				"up": { "uv": [ 8.25, 11.25, 9.625, 11.125 ], "texture": "#sniper_ammo_atlas" },
				"north": { "uv": [ 16, 14.75, 14.625, 15 ], "texture": "#sniper_ammo_atlas" },
				"south": { "uv": [ 8.25, 13.125, 9.625, 13.375 ], "texture": "#sniper_ammo_atlas" },
				"west": { "uv": [ 2.75, 10, 2.875, 10.25 ], "texture": "#sniper_ammo_atlas" },
				"east": { "uv": [ 2.875, 9.75, 2.75, 10 ], "texture": "#sniper_ammo_atlas" }
			}
		},
		{
			"__comment": "Voxels",
			"from": [ 2.4, -0.2, 11.2 ],
			"to": [ 7, 0.2, 11.4 ],
			"faces": {
				"down": { "uv": [ 11.125, 14.25, 14, 14.375 ], "texture": "#sniper_ammo_atlas" },
				"up": { "uv": [ 8.25, 14.25, 11.125, 14.125 ], "texture": "#sniper_ammo_atlas" },
				"north": { "uv": [ 2.875, 14.25, 0, 14.5 ], "texture": "#sniper_ammo_atlas" },
				"south": { "uv": [ 0, 12.75, 2.875, 13 ], "texture": "#sniper_ammo_atlas" },
				"west": { "uv": [ 8.25, 8.125, 8.375, 8.375 ], "texture": "#sniper_ammo_atlas" },
				"east": { "uv": [ 8.375, 8.375, 8.25, 8.625 ], "texture": "#sniper_ammo_atlas" }
			}
		},
		{
			"__comment": "Voxels",
			"from": [ 2.4, -0.2, 11.4 ],
			"to": [ 6.8, 0.2, 11.6 ],
			"faces": {
				"down": { "uv": [ 12.375, 13.25, 15.125, 13.375 ], "texture": "#sniper_ammo_atlas" },
				"up": { "uv": [ 9.625, 13.25, 12.375, 13.125 ], "texture": "#sniper_ammo_atlas" },
				"north": { "uv": [ 5.625, 14.75, 2.875, 15 ], "texture": "#sniper_ammo_atlas" },
				"south": { "uv": [ 2.875, 15, 5.625, 15.25 ], "texture": "#sniper_ammo_atlas" },
				"west": { "uv": [ 9.375, 9.375, 9.5, 9.625 ], "texture": "#sniper_ammo_atlas" },
				"east": { "uv": [ 9.375, 9.375, 9.25, 9.625 ], "texture": "#sniper_ammo_atlas" }
			}
		},
		{
			"__comment": "Voxels",
			"from": [ 2.4, -0.2, 14 ],
			"to": [ 4.2, 0.2, 14.2 ],
			"faces": {
				"down": { "uv": [ 8.25, 10.875, 9.375, 11 ], "texture": "#sniper_ammo_atlas" },
				"up": { "uv": [ 8.25, 11.125, 9.375, 11 ], "texture": "#sniper_ammo_atlas" },
				"north": { "uv": [ 9.375, 12.375, 8.25, 12.625 ], "texture": "#sniper_ammo_atlas" },
				"south": { "uv": [ 8.25, 12.625, 9.375, 12.875 ], "texture": "#sniper_ammo_atlas" },
				"west": { "uv": [ 8.5, 9.625, 8.625, 9.875 ], "texture": "#sniper_ammo_atlas" },
				"east": { "uv": [ 9.25, 9.875, 9.125, 10.125 ], "texture": "#sniper_ammo_atlas" }
			}
		},
		{
			"__comment": "Voxels",
			"from": [ 2.8, -0.2, 11 ],
			"to": [ 7.2, 0.2, 11.2 ],
			"faces": {
				"down": { "uv": [ 12.375, 13, 15.125, 13.125 ], "texture": "#sniper_ammo_atlas" },
				"up": { "uv": [ 9.625, 13, 12.375, 12.875 ], "texture": "#sniper_ammo_atlas" },
				"north": { "uv": [ 2.75, 8, 0, 8.25 ], "texture": "#sniper_ammo_atlas" },
				"south": { "uv": [ 0, 8.75, 2.75, 9 ], "texture": "#sniper_ammo_atlas" },
				"west": { "uv": [ 9, 9.875, 9.125, 10.125 ], "texture": "#sniper_ammo_atlas" },
				"east": { "uv": [ 8.5, 9.875, 8.375, 10.125 ], "texture": "#sniper_ammo_atlas" }
			}
		},
		{
			"__comment": "Voxels",
			"from": [ 2.8, -0.2, 14.2 ],
			"to": [ 4, 0.2, 14.4 ],
			"faces": {
				"down": { "uv": [ 8.25, 10.25, 9, 10.375 ], "texture": "#sniper_ammo_atlas" },
				"up": { "uv": [ 8.25, 10.25, 9, 10.125 ], "texture": "#sniper_ammo_atlas" },
				"north": { "uv": [ 9, 11.375, 8.25, 11.625 ], "texture": "#sniper_ammo_atlas" },
				"south": { "uv": [ 15.125, 15, 15.875, 15.25 ], "texture": "#sniper_ammo_atlas" },
				"west": { "uv": [ 9.375, 11.875, 9.5, 12.125 ], "texture": "#sniper_ammo_atlas" },
				"east": { "uv": [ 9.5, 12.375, 9.375, 12.625 ], "texture": "#sniper_ammo_atlas" }
			}
		},
		{
			"__comment": "Voxels",
			"from": [ 3, -0.2, 10.8 ],
			"to": [ 7.4, 0.2, 11 ],
			"faces": {
				"down": { "uv": [ 12.375, 12.875, 15.125, 13 ], "texture": "#sniper_ammo_atlas" },
				"up": { "uv": [ 9.625, 12.875, 12.375, 12.75 ], "texture": "#sniper_ammo_atlas" },
				"north": { "uv": [ 2.75, 11.25, 0, 11.5 ], "texture": "#sniper_ammo_atlas" },
				"south": { "uv": [ 0, 11, 2.75, 11.25 ], "texture": "#sniper_ammo_atlas" },
				"west": { "uv": [ 9.5, 12.625, 9.625, 12.875 ], "texture": "#sniper_ammo_atlas" },
				"east": { "uv": [ 15.875, 14.5, 15.75, 14.75 ], "texture": "#sniper_ammo_atlas" }
			}
		},
		{
			"__comment": "Voxels",
			"from": [ 3, -0.2, 14.4 ],
			"to": [ 3.8, 0.2, 14.6 ],
			"faces": {
				"down": { "uv": [ 7.75, 10, 8.25, 10.125 ], "texture": "#sniper_ammo_atlas" },
				"up": { "uv": [ 7.75, 10.25, 8.25, 10.125 ], "texture": "#sniper_ammo_atlas" },
				"north": { "uv": [ 8.25, 11, 7.75, 11.25 ], "texture": "#sniper_ammo_atlas" },
				"south": { "uv": [ 7.75, 10.75, 8.25, 11 ], "texture": "#sniper_ammo_atlas" },
				"west": { "uv": [ 7.875, 8.75, 8, 9 ], "texture": "#sniper_ammo_atlas" },
				"east": { "uv": [ 8.125, 9, 8, 9.25 ], "texture": "#sniper_ammo_atlas" }
			}
		},
		{
			"__comment": "Voxels",
			"from": [ 3, -0.2, 14.6 ],
			"to": [ 3.6, 0.2, 14.8 ],
			"faces": {
				"down": { "uv": [ 7.75, 9.875, 8.125, 10 ], "texture": "#sniper_ammo_atlas" },
				"up": { "uv": [ 7.75, 9.875, 8.125, 9.75 ], "texture": "#sniper_ammo_atlas" },
				"north": { "uv": [ 8.25, 11.25, 7.875, 11.5 ], "texture": "#sniper_ammo_atlas" },
				"south": { "uv": [ 7.875, 11.5, 8.25, 11.75 ], "texture": "#sniper_ammo_atlas" },
				"west": { "uv": [ 9.125, 11.375, 9.25, 11.625 ], "texture": "#sniper_ammo_atlas" },
				"east": { "uv": [ 9.625, 11.875, 9.5, 12.125 ], "texture": "#sniper_ammo_atlas" }
			}
		},
		{
			"__comment": "Voxels",
			"from": [ 3.2, -0.2, 10.6 ],
			"to": [ 7.6, 0.2, 10.8 ],
			"faces": {
				"down": { "uv": [ 12.375, 12.75, 15.125, 12.875 ], "texture": "#sniper_ammo_atlas" },
				"up": { "uv": [ 9.625, 12.75, 12.375, 12.625 ], "texture": "#sniper_ammo_atlas" },
				"north": { "uv": [ 2.75, 9.5, 0, 9.75 ], "texture": "#sniper_ammo_atlas" },
				"south": { "uv": [ 0, 9, 2.75, 9.25 ], "texture": "#sniper_ammo_atlas" },
				"west": { "uv": [ 8.125, 9.25, 8.25, 9.5 ], "texture": "#sniper_ammo_atlas" },
				"east": { "uv": [ 7.875, 9, 7.75, 9.25 ], "texture": "#sniper_ammo_atlas" }
			}
		},
		{
			"__comment": "Voxels",
			"from": [ 3.2, -0.2, 14.8 ],
			"to": [ 3.4, 0.2, 15 ],
			"faces": {
				"down": { "uv": [ 8.125, 9.875, 8.25, 10 ], "texture": "#sniper_ammo_atlas" },
				"up": { "uv": [ 8.125, 9.875, 8.25, 9.75 ], "texture": "#sniper_ammo_atlas" },
				"north": { "uv": [ 9.5, 12.625, 9.375, 12.875 ], "texture": "#sniper_ammo_atlas" },
				"south": { "uv": [ 9.5, 12.125, 9.625, 12.375 ], "texture": "#sniper_ammo_atlas" },
				"west": { "uv": [ 9, 11.375, 9.125, 11.625 ], "texture": "#sniper_ammo_atlas" },
				"east": { "uv": [ 9.625, 11.375, 9.5, 11.625 ], "texture": "#sniper_ammo_atlas" }
			}
		},
		{
			"__comment": "Voxels",
			"from": [ 3.4, -0.2, 10.2 ],
			"to": [ 8, 0.2, 10.4 ],
			"faces": {
				"down": { "uv": [ 8.25, 13.625, 11.125, 13.75 ], "texture": "#sniper_ammo_atlas" },
				"up": { "uv": [ 11.125, 13.75, 14, 13.625 ], "texture": "#sniper_ammo_atlas" },
				"north": { "uv": [ 2.875, 15.5, 0, 15.75 ], "texture": "#sniper_ammo_atlas" },
				"south": { "uv": [ 0, 14.75, 2.875, 15 ], "texture": "#sniper_ammo_atlas" },
				"west": { "uv": [ 8.875, 9.875, 9, 10.125 ], "texture": "#sniper_ammo_atlas" },
				"east": { "uv": [ 16, 15, 15.875, 15.25 ], "texture": "#sniper_ammo_atlas" }
			}
		},
		{
			"__comment": "Voxels",
			"from": [ 3.4, -0.2, 10.4 ],
			"to": [ 7.8, 0.2, 10.6 ],
			"faces": {
				"down": { "uv": [ 12.375, 12.625, 15.125, 12.75 ], "texture": "#sniper_ammo_atlas" },
				"up": { "uv": [ 9.625, 12.625, 12.375, 12.5 ], "texture": "#sniper_ammo_atlas" },
				"north": { "uv": [ 2.75, 10, 0, 10.25 ], "texture": "#sniper_ammo_atlas" },
				"south": { "uv": [ 0, 10.25, 2.75, 10.5 ], "texture": "#sniper_ammo_atlas" },
				"west": { "uv": [ 8.875, 9.625, 9, 9.875 ], "texture": "#sniper_ammo_atlas" },
				"east": { "uv": [ 9.125, 9.625, 9, 9.875 ], "texture": "#sniper_ammo_atlas" }
			}
		},
		{
			"__comment": "Voxels",
			"from": [ 3.8, -0.2, 10 ],
			"to": [ 8.2, 0.2, 10.2 ],
			"faces": {
				"down": { "uv": [ 12.375, 12.5, 15.125, 12.625 ], "texture": "#sniper_ammo_atlas" },
				"up": { "uv": [ 9.625, 12.5, 12.375, 12.375 ], "texture": "#sniper_ammo_atlas" },
				"north": { "uv": [ 5.625, 15.75, 2.875, 16 ], "texture": "#sniper_ammo_atlas" },
				"south": { "uv": [ 2.875, 15.5, 5.625, 15.75 ], "texture": "#sniper_ammo_atlas" },
				"west": { "uv": [ 8.25, 9.375, 8.375, 9.625 ], "texture": "#sniper_ammo_atlas" },
				"east": { "uv": [ 8.5, 9.375, 8.375, 9.625 ], "texture": "#sniper_ammo_atlas" }
			}
		},
		{
			"__comment": "Voxels",
			"from": [ 4, -0.2, 9.8 ],
			"to": [ 8.4, 0.2, 10 ],
			"faces": {
				"down": { "uv": [ 12.375, 12.25, 15.125, 12.375 ], "texture": "#sniper_ammo_atlas" },
				"up": { "uv": [ 9.625, 12.25, 12.375, 12.125 ], "texture": "#sniper_ammo_atlas" },
				"north": { "uv": [ 5.625, 15.25, 2.875, 15.5 ], "texture": "#sniper_ammo_atlas" },
				"south": { "uv": [ 2.875, 14.5, 5.625, 14.75 ], "texture": "#sniper_ammo_atlas" },
				"west": { "uv": [ 8.375, 8.875, 8.5, 9.125 ], "texture": "#sniper_ammo_atlas" },
				"east": { "uv": [ 8.5, 8.625, 8.375, 8.875 ], "texture": "#sniper_ammo_atlas" }
			}
		},
		{
			"__comment": "Voxels",
			"from": [ 4.2, -0.2, 9.599999 ],
			"to": [ 8.6, 0.2, 9.799999 ],
			"faces": {
				"down": { "uv": [ 9.625, 11.125, 12.375, 11.25 ], "texture": "#sniper_ammo_atlas" },
				"up": { "uv": [ 12.375, 12.25, 15.125, 12.125 ], "texture": "#sniper_ammo_atlas" },
				"north": { "uv": [ 5.625, 13.5, 2.875, 13.75 ], "texture": "#sniper_ammo_atlas" },
				"south": { "uv": [ 2.875, 13.25, 5.625, 13.5 ], "texture": "#sniper_ammo_atlas" },
				"west": { "uv": [ 8.125, 11.75, 8.25, 12 ], "texture": "#sniper_ammo_atlas" },
				"east": { "uv": [ 8.125, 11.75, 8, 12 ], "texture": "#sniper_ammo_atlas" }
			}
		},
		{
			"__comment": "Voxels",
			"from": [ 4.4, -0.2, 9.2 ],
			"to": [ 9, 0.2, 9.4 ],
			"faces": {
				"down": { "uv": [ 8.25, 14, 11.125, 14.125 ], "texture": "#sniper_ammo_atlas" },
				"up": { "uv": [ 11.125, 14.25, 14, 14.125 ], "texture": "#sniper_ammo_atlas" },
				"north": { "uv": [ 2.875, 13, 0, 13.25 ], "texture": "#sniper_ammo_atlas" },
				"south": { "uv": [ 0, 15, 2.875, 15.25 ], "texture": "#sniper_ammo_atlas" },
				"west": { "uv": [ 8.125, 12.25, 8.25, 12.5 ], "texture": "#sniper_ammo_atlas" },
				"east": { "uv": [ 8.125, 12.25, 8, 12.5 ], "texture": "#sniper_ammo_atlas" }
			}
		},
		{
			"__comment": "Voxels",
			"from": [ 4.4, -0.2, 9.4 ],
			"to": [ 8.8, 0.2, 9.599999 ],
			"faces": {
				"down": { "uv": [ 9.625, 12, 12.375, 12.125 ], "texture": "#sniper_ammo_atlas" },
				"up": { "uv": [ 12.375, 12.125, 15.125, 12 ], "texture": "#sniper_ammo_atlas" },
				"north": { "uv": [ 5.625, 11.75, 2.875, 12 ], "texture": "#sniper_ammo_atlas" },
				"south": { "uv": [ 2.875, 11.5, 5.625, 11.75 ], "texture": "#sniper_ammo_atlas" },
				"west": { "uv": [ 8.125, 13, 8.25, 13.25 ], "texture": "#sniper_ammo_atlas" },
				"east": { "uv": [ 8.125, 13, 8, 13.25 ], "texture": "#sniper_ammo_atlas" }
			}
		},
		{
			"__comment": "Voxels",
			"from": [ 4.8, -0.2, 9 ],
			"to": [ 9.2, 0.2, 9.2 ],
			"faces": {
				"down": { "uv": [ 9.625, 11.875, 12.375, 12 ], "texture": "#sniper_ammo_atlas" },
				"up": { "uv": [ 12.375, 12, 15.125, 11.875 ], "texture": "#sniper_ammo_atlas" },
				"north": { "uv": [ 5.625, 10, 2.875, 10.25 ], "texture": "#sniper_ammo_atlas" },
				"south": { "uv": [ 0, 9.25, 2.75, 9.5 ], "texture": "#sniper_ammo_atlas" },
				"west": { "uv": [ 5.5, 8.75, 5.625, 9 ], "texture": "#sniper_ammo_atlas" },
				"east": { "uv": [ 5.625, 9, 5.5, 9.25 ], "texture": "#sniper_ammo_atlas" }
			}
		},
		{
			"__comment": "Voxels",
			"from": [ 5, -0.2, 8.8 ],
			"to": [ 9.4, 0.2, 9 ],
			"faces": {
				"down": { "uv": [ 9.625, 11.75, 12.375, 11.875 ], "texture": "#sniper_ammo_atlas" },
				"up": { "uv": [ 9.625, 11.75, 12.375, 11.625 ], "texture": "#sniper_ammo_atlas" },
				"north": { "uv": [ 5.625, 12.75, 2.875, 13 ], "texture": "#sniper_ammo_atlas" },
				"south": { "uv": [ 2.875, 13.75, 5.625, 14 ], "texture": "#sniper_ammo_atlas" },
				"west": { "uv": [ 5.5, 9.25, 5.625, 9.5 ], "texture": "#sniper_ammo_atlas" },
				"east": { "uv": [ 5.625, 9.5, 5.5, 9.75 ], "texture": "#sniper_ammo_atlas" }
			}
		},
		{
			"__comment": "Voxels",
			"from": [ 5.2, -0.2, 8.599999 ],
			"to": [ 9.6, 0.2, 8.799999 ],
			"faces": {
				"down": { "uv": [ 12.375, 11.625, 15.125, 11.75 ], "texture": "#sniper_ammo_atlas" },
				"up": { "uv": [ 9.625, 11.625, 12.375, 11.5 ], "texture": "#sniper_ammo_atlas" },
				"north": { "uv": [ 2.75, 10.75, 0, 11 ], "texture": "#sniper_ammo_atlas" },
				"south": { "uv": [ 0, 10.5, 2.75, 10.75 ], "texture": "#sniper_ammo_atlas" },
				"west": { "uv": [ 2.75, 8.25, 2.875, 8.5 ], "texture": "#sniper_ammo_atlas" },
				"east": { "uv": [ 2.875, 8.5, 2.75, 8.75 ], "texture": "#sniper_ammo_atlas" }
			}
		},
		{
			"__comment": "Voxels",
			"from": [ 5.4, -0.2, 8.2 ],
			"to": [ 9.9, 0.2, 8.4 ],
			"faces": {
				"down": { "uv": [ 11.125, 13.75, 14, 13.875 ], "texture": "#sniper_ammo_atlas" },
				"up": { "uv": [ 8.25, 13.875, 11.125, 13.75 ], "texture": "#sniper_ammo_atlas" },
				"north": { "uv": [ 2.875, 13.75, 0, 14 ], "texture": "#sniper_ammo_atlas" },
				"south": { "uv": [ 0, 13.5, 2.875, 13.75 ], "texture": "#sniper_ammo_atlas" },
				"west": { "uv": [ 2.75, 8.75, 2.875, 9 ], "texture": "#sniper_ammo_atlas" },
				"east": { "uv": [ 2.875, 9, 2.75, 9.25 ], "texture": "#sniper_ammo_atlas" }
			}
		},
		{
			"__comment": "Voxels",
			"from": [ 5.4, -0.2, 8.4 ],
			"to": [ 9.8, 0.2, 8.599999 ],
			"faces": {
				"down": { "uv": [ 9.625, 11.375, 12.375, 11.5 ], "texture": "#sniper_ammo_atlas" },
				"up": { "uv": [ 9.625, 11.375, 12.375, 11.25 ], "texture": "#sniper_ammo_atlas" },
				"north": { "uv": [ 5.625, 10.25, 2.875, 10.5 ], "texture": "#sniper_ammo_atlas" },
				"south": { "uv": [ 2.875, 12, 5.625, 12.25 ], "texture": "#sniper_ammo_atlas" },
				"west": { "uv": [ 8.125, 12.5, 8.25, 12.75 ], "texture": "#sniper_ammo_atlas" },
				"east": { "uv": [ 8.125, 12.5, 8, 12.75 ], "texture": "#sniper_ammo_atlas" }
			}
		},
		{
			"__comment": "Voxels",
			"from": [ 5.8, -0.2, 7.8 ],
			"to": [ 10.3, 0.2, 8 ],
			"faces": {
				"down": { "uv": [ 8.25, 14.375, 11.125, 14.5 ], "texture": "#sniper_ammo_atlas" },
				"up": { "uv": [ 11.125, 14.5, 14, 14.375 ], "texture": "#sniper_ammo_atlas" },
				"north": { "uv": [ 2.875, 14.5, 0, 14.75 ], "texture": "#sniper_ammo_atlas" },
				"south": { "uv": [ 0, 13.25, 2.875, 13.5 ], "texture": "#sniper_ammo_atlas" },
				"west": { "uv": [ 5.5, 8, 5.625, 8.25 ], "texture": "#sniper_ammo_atlas" },
				"east": { "uv": [ 8.25, 13.25, 8.125, 13.5 ], "texture": "#sniper_ammo_atlas" }
			}
		},
		{
			"__comment": "Voxels",
			"from": [ 5.8, -0.2, 8 ],
			"to": [ 10.2, 0.2, 8.2 ],
			"faces": {
				"down": { "uv": [ 9.625, 10.75, 12.375, 10.875 ], "texture": "#sniper_ammo_atlas" },
				"up": { "uv": [ 9.625, 10.75, 12.375, 10.625 ], "texture": "#sniper_ammo_atlas" },
				"north": { "uv": [ 2.75, 9.75, 0, 10 ], "texture": "#sniper_ammo_atlas" },
				"south": { "uv": [ 2.875, 12.25, 5.625, 12.5 ], "texture": "#sniper_ammo_atlas" },
				"west": { "uv": [ 2.75, 9.5, 2.875, 9.75 ], "texture": "#sniper_ammo_atlas" },
				"east": { "uv": [ 2.875, 9.25, 2.75, 9.5 ], "texture": "#sniper_ammo_atlas" }
			}
		},
		{
			"__comment": "Voxels",
			"from": [ 6, -0.2, 7.6 ],
			"to": [ 10.6, 0.2, 7.8 ],
			"faces": {
				"down": { "uv": [ 8.25, 14.25, 11.125, 14.375 ], "texture": "#sniper_ammo_atlas" },
				"up": { "uv": [ 11.125, 14.125, 14, 14 ], "texture": "#sniper_ammo_atlas" },
				"north": { "uv": [ 2.875, 15.75, 0, 16 ], "texture": "#sniper_ammo_atlas" },
				"south": { "uv": [ 0, 14, 2.875, 14.25 ], "texture": "#sniper_ammo_atlas" },
				"west": { "uv": [ 2.75, 8, 2.875, 8.25 ], "texture": "#sniper_ammo_atlas" },
				"east": { "uv": [ 5.625, 9.75, 5.5, 10 ], "texture": "#sniper_ammo_atlas" }
			}
		},
		{
			"__comment": "Voxels",
			"from": [ 6.2, -0.2, 7.4 ],
			"to": [ 10.8, 0.2, 7.599999 ],
			"faces": {
				"down": { "uv": [ 11.125, 13.875, 14, 14 ], "texture": "#sniper_ammo_atlas" },
				"up": { "uv": [ 8.25, 14, 11.125, 13.875 ], "texture": "#sniper_ammo_atlas" },
				"north": { "uv": [ 2.875, 15.25, 0, 15.5 ], "texture": "#sniper_ammo_atlas" },
				"south": { "uv": [ 0, 12.5, 2.875, 12.75 ], "texture": "#sniper_ammo_atlas" },
				"west": { "uv": [ 5.5, 8.5, 5.625, 8.75 ], "texture": "#sniper_ammo_atlas" },
				"east": { "uv": [ 5.625, 8.25, 5.5, 8.5 ], "texture": "#sniper_ammo_atlas" }
			}
		},
		{
			"__comment": "Voxels",
			"from": [ 6.4, -0.2, 7.2 ],
			"to": [ 10.8, 0.2, 7.4 ],
			"faces": {
				"down": { "uv": [ 11, 13.5, 13.75, 13.625 ], "texture": "#sniper_ammo_atlas" },
				"up": { "uv": [ 8.25, 13.5, 11, 13.375 ], "texture": "#sniper_ammo_atlas" },
				"north": { "uv": [ 5.625, 11, 2.875, 11.25 ], "texture": "#sniper_ammo_atlas" },
				"south": { "uv": [ 2.875, 11.25, 5.625, 11.5 ], "texture": "#sniper_ammo_atlas" },
				"west": { "uv": [ 8, 12.75, 8.125, 13 ], "texture": "#sniper_ammo_atlas" },
				"east": { "uv": [ 8.25, 12.75, 8.125, 13 ], "texture": "#sniper_ammo_atlas" }
			}
		},
		{
			"__comment": "Voxels",
			"from": [ 6.6, -0.2, 7 ],
			"to": [ 11, 0.2, 7.2 ],
			"faces": {
				"down": { "uv": [ 11, 13.375, 13.75, 13.5 ], "texture": "#sniper_ammo_atlas" },
				"up": { "uv": [ 9.625, 13.375, 12.375, 13.25 ], "texture": "#sniper_ammo_atlas" },
				"north": { "uv": [ 5.625, 13, 2.875, 13.25 ], "texture": "#sniper_ammo_atlas" },
				"south": { "uv": [ 2.875, 12.5, 5.625, 12.75 ], "texture": "#sniper_ammo_atlas" },
				"west": { "uv": [ 8, 12, 8.125, 12.25 ], "texture": "#sniper_ammo_atlas" },
				"east": { "uv": [ 8.25, 12, 8.125, 12.25 ], "texture": "#sniper_ammo_atlas" }
			}
		},
		{
			"__comment": "Voxels",
			"from": [ 6.8, -0.2, 6.8 ],
			"to": [ 11, 0.2, 7 ],
			"faces": {
				"down": { "uv": [ 9.625, 10.5, 12.25, 10.625 ], "texture": "#sniper_ammo_atlas" },
				"up": { "uv": [ 9.625, 10.25, 12.25, 10.125 ], "texture": "#sniper_ammo_atlas" },
				"north": { "uv": [ 8.25, 15.75, 5.625, 16 ], "texture": "#sniper_ammo_atlas" },
				"south": { "uv": [ 2.875, 8.25, 5.5, 8.5 ], "texture": "#sniper_ammo_atlas" },
				"west": { "uv": [ 8.125, 10.5, 8.25, 10.75 ], "texture": "#sniper_ammo_atlas" },
				"east": { "uv": [ 8.25, 10.25, 8.125, 10.5 ], "texture": "#sniper_ammo_atlas" }
			}
		},
		{
			"__comment": "Voxels",
			"from": [ 7, -0.2, 6.6 ],
			"to": [ 11.2, 0.2, 6.8 ],
			"faces": {
				"down": { "uv": [ 9.625, 9.875, 12.25, 10 ], "texture": "#sniper_ammo_atlas" },
				"up": { "uv": [ 9.625, 9.75, 12.25, 9.625 ], "texture": "#sniper_ammo_atlas" },
				"north": { "uv": [ 8.25, 15.5, 5.625, 15.75 ], "texture": "#sniper_ammo_atlas" },
				"south": { "uv": [ 5.625, 15.25, 8.25, 15.5 ], "texture": "#sniper_ammo_atlas" },
				"west": { "uv": [ 9, 9.125, 9.125, 9.375 ], "texture": "#sniper_ammo_atlas" },
				"east": { "uv": [ 9, 9.125, 8.875, 9.375 ], "texture": "#sniper_ammo_atlas" }
			}
		},
		{
			"__comment": "Voxels",
			"from": [ 7.2, -0.2, 6.4 ],
			"to": [ 11.4, 0.2, 6.599999 ],
			"faces": {
				"down": { "uv": [ 9.625, 9.75, 12.25, 9.875 ], "texture": "#sniper_ammo_atlas" },
				"up": { "uv": [ 9.625, 9.125, 12.25, 9 ], "texture": "#sniper_ammo_atlas" },
				"north": { "uv": [ 8.25, 15, 5.625, 15.25 ], "texture": "#sniper_ammo_atlas" },
				"south": { "uv": [ 10.875, 15.75, 13.5, 16 ], "texture": "#sniper_ammo_atlas" },
				"west": { "uv": [ 9.25, 9.625, 9.375, 9.875 ], "texture": "#sniper_ammo_atlas" },
				"east": { "uv": [ 9.25, 9.625, 9.125, 9.875 ], "texture": "#sniper_ammo_atlas" }
			}
		},
		{
			"__comment": "Voxels",
			"from": [ 7.4, -0.2, 6.2 ],
			"to": [ 11.6, 0.2, 6.4 ],
			"faces": {
				"down": { "uv": [ 9.625, 9.25, 12.25, 9.375 ], "texture": "#sniper_ammo_atlas" },
				"up": { "uv": [ 9.625, 9, 12.25, 8.875 ], "texture": "#sniper_ammo_atlas" },
				"north": { "uv": [ 5.5, 8, 2.875, 8.25 ], "texture": "#sniper_ammo_atlas" },
				"south": { "uv": [ 2.875, 8.75, 5.5, 9 ], "texture": "#sniper_ammo_atlas" },
				"west": { "uv": [ 8.25, 9.625, 8.375, 9.875 ], "texture": "#sniper_ammo_atlas" },
				"east": { "uv": [ 9.625, 9.875, 9.5, 10.125 ], "texture": "#sniper_ammo_atlas" }
			}
		},
		{
			"__comment": "Voxels",
			"from": [ 7.6, -0.2, 6 ],
			"to": [ 11.8, 0.2, 6.2 ],
			"faces": {
				"down": { "uv": [ 9.625, 8.625, 12.25, 8.75 ], "texture": "#sniper_ammo_atlas" },
				"up": { "uv": [ 9.625, 8.875, 12.25, 8.75 ], "texture": "#sniper_ammo_atlas" },
				"north": { "uv": [ 5.5, 9.5, 2.875, 9.75 ], "texture": "#sniper_ammo_atlas" },
				"south": { "uv": [ 2.875, 9.75, 5.5, 10 ], "texture": "#sniper_ammo_atlas" },
				"west": { "uv": [ 8.75, 9.875, 8.875, 10.125 ], "texture": "#sniper_ammo_atlas" },
				"east": { "uv": [ 8.375, 9.875, 8.25, 10.125 ], "texture": "#sniper_ammo_atlas" }
			}
		},
		{
			"__comment": "Voxels",
			"from": [ 7.8, -0.2, 5.8 ],
			"to": [ 12, 0.2, 6 ],
			"faces": {
				"down": { "uv": [ 9.625, 9.5, 12.25, 9.625 ], "texture": "#sniper_ammo_atlas" },
				"up": { "uv": [ 9.625, 9.25, 12.25, 9.125 ], "texture": "#sniper_ammo_atlas" },
				"north": { "uv": [ 8.25, 13.5, 5.625, 13.75 ], "texture": "#sniper_ammo_atlas" },
				"south": { "uv": [ 5.625, 13.75, 8.25, 14 ], "texture": "#sniper_ammo_atlas" },
				"west": { "uv": [ 9.5, 11.625, 9.625, 11.875 ], "texture": "#sniper_ammo_atlas" },
				"east": { "uv": [ 9.375, 11.875, 9.25, 12.125 ], "texture": "#sniper_ammo_atlas" }
			}
		},
		{
			"__comment": "Voxels",
			"from": [ 8, -0.2, 5.6 ],
			"to": [ 12.2, 0.2, 5.8 ],
			"faces": {
				"down": { "uv": [ 9.625, 8.375, 12.25, 8.5 ], "texture": "#sniper_ammo_atlas" },
				"up": { "uv": [ 9.625, 8.375, 12.25, 8.25 ], "texture": "#sniper_ammo_atlas" },
				"north": { "uv": [ 8.25, 14, 5.625, 14.25 ], "texture": "#sniper_ammo_atlas" },
				"south": { "uv": [ 5.625, 14.25, 8.25, 14.5 ], "texture": "#sniper_ammo_atlas" },
				"west": { "uv": [ 9.5, 12.875, 9.625, 13.125 ], "texture": "#sniper_ammo_atlas" },
				"east": { "uv": [ 15.75, 14.5, 15.625, 14.75 ], "texture": "#sniper_ammo_atlas" }
			}
		},
		{
			"__comment": "Voxels",
			"from": [ 8.2, -0.2, 5.4 ],
			"to": [ 12.4, 0.2, 5.6 ],
			"faces": {
				"down": { "uv": [ 9.625, 8.5, 12.25, 8.625 ], "texture": "#sniper_ammo_atlas" },
				"up": { "uv": [ 9.625, 8.25, 12.25, 8.125 ], "texture": "#sniper_ammo_atlas" },
				"north": { "uv": [ 8.25, 14.5, 5.625, 14.75 ], "texture": "#sniper_ammo_atlas" },
				"south": { "uv": [ 5.625, 14.75, 8.25, 15 ], "texture": "#sniper_ammo_atlas" },
				"west": { "uv": [ 7.75, 8.75, 7.875, 9 ], "texture": "#sniper_ammo_atlas" },
				"east": { "uv": [ 8.25, 9, 8.125, 9.25 ], "texture": "#sniper_ammo_atlas" }
			}
		},
		{
			"__comment": "Voxels",
			"from": [ 8.599999, -0.2, 5.2 ],
			"to": [ 12.6, 0.2, 5.4 ],
			"faces": {
				"down": { "uv": [ 12.375, 11.5, 14.875, 11.625 ], "texture": "#sniper_ammo_atlas" },
				"up": { "uv": [ 9.625, 8.125, 12.125, 8 ], "texture": "#sniper_ammo_atlas" },
				"north": { "uv": [ 8.125, 13.25, 5.625, 13.5 ], "texture": "#sniper_ammo_atlas" },
				"south": { "uv": [ 13.5, 15.75, 16, 16 ], "texture": "#sniper_ammo_atlas" },
				"west": { "uv": [ 7.75, 9.25, 7.875, 9.5 ], "texture": "#sniper_ammo_atlas" },
				"east": { "uv": [ 8.375, 8.625, 8.25, 8.875 ], "texture": "#sniper_ammo_atlas" }
			}
		},
		{
			"__comment": "Voxels",
			"from": [ 9, -0.2, 5 ],
			"to": [ 12.8, 0.2, 5.2 ],
			"faces": {
				"down": { "uv": [ 12.375, 11.375, 14.75, 11.5 ], "texture": "#sniper_ammo_atlas" },
				"up": { "uv": [ 12.375, 10.875, 14.75, 10.75 ], "texture": "#sniper_ammo_atlas" },
				"north": { "uv": [ 8, 12, 5.625, 12.25 ], "texture": "#sniper_ammo_atlas" },
				"south": { "uv": [ 5.625, 12.25, 8, 12.5 ], "texture": "#sniper_ammo_atlas" },
				"west": { "uv": [ 9, 9.375, 9.125, 9.625 ], "texture": "#sniper_ammo_atlas" },
				"east": { "uv": [ 9.25, 9.375, 9.125, 9.625 ], "texture": "#sniper_ammo_atlas" }
			}
		},
		{
			"__comment": "Voxels",
			"from": [ 9.2, -0.2, 4.8 ],
			"to": [ 13, 0.2, 5 ],
			"faces": {
				"down": { "uv": [ 12.375, 11, 14.75, 11.125 ], "texture": "#sniper_ammo_atlas" },
				"up": { "uv": [ 12.375, 11.25, 14.75, 11.125 ], "texture": "#sniper_ammo_atlas" },
				"north": { "uv": [ 8, 13, 5.625, 13.25 ], "texture": "#sniper_ammo_atlas" },
				"south": { "uv": [ 5.625, 12.5, 8, 12.75 ], "texture": "#sniper_ammo_atlas" },
				"west": { "uv": [ 7.875, 9.25, 8, 9.5 ], "texture": "#sniper_ammo_atlas" },
				"east": { "uv": [ 8.125, 9.25, 8, 9.5 ], "texture": "#sniper_ammo_atlas" }
			}
		},
		{
			"__comment": "Voxels",
			"from": [ 9.599999, -0.2, 4.6 ],
			"to": [ 13.2, 0.2, 4.8 ],
			"faces": {
				"down": { "uv": [ 13.75, 13.375, 16, 13.5 ], "texture": "#sniper_ammo_atlas" },
				"up": { "uv": [ 13.75, 13.625, 16, 13.5 ], "texture": "#sniper_ammo_atlas" },
				"north": { "uv": [ 7.875, 11.25, 5.625, 11.5 ], "texture": "#sniper_ammo_atlas" },
				"south": { "uv": [ 5.625, 11.5, 7.875, 11.75 ], "texture": "#sniper_ammo_atlas" },
				"west": { "uv": [ 7.875, 9, 8, 9.25 ], "texture": "#sniper_ammo_atlas" },
				"east": { "uv": [ 8.5, 9.625, 8.375, 9.875 ], "texture": "#sniper_ammo_atlas" }
			}
		},
		{
			"__comment": "Voxels",
			"from": [ 9.8, -0.2, 4.4 ],
			"to": [ 13.2, 0.2, 4.6 ],
			"faces": {
				"down": { "uv": [ 12.375, 9.75, 14.5, 9.875 ], "texture": "#sniper_ammo_atlas" },
				"up": { "uv": [ 12.375, 10, 14.5, 9.875 ], "texture": "#sniper_ammo_atlas" },
				"north": { "uv": [ 7.75, 10.5, 5.625, 10.75 ], "texture": "#sniper_ammo_atlas" },
				"south": { "uv": [ 5.625, 10.75, 7.75, 11 ], "texture": "#sniper_ammo_atlas" },
				"west": { "uv": [ 8, 8.75, 8.125, 9 ], "texture": "#sniper_ammo_atlas" },
				"east": { "uv": [ 8.25, 8.75, 8.125, 9 ], "texture": "#sniper_ammo_atlas" }
			}
		},
		{
			"__comment": "Voxels",
			"from": [ 10, -0.2, 4.2 ],
			"to": [ 13.4, 0.2, 4.4 ],
			"faces": {
				"down": { "uv": [ 12.375, 10, 14.5, 10.125 ], "texture": "#sniper_ammo_atlas" },
				"up": { "uv": [ 12.375, 9.625, 14.5, 9.5 ], "texture": "#sniper_ammo_atlas" },
				"north": { "uv": [ 7.75, 11, 5.625, 11.25 ], "texture": "#sniper_ammo_atlas" },
				"south": { "uv": [ 5.625, 8.75, 7.75, 9 ], "texture": "#sniper_ammo_atlas" },
				"west": { "uv": [ 15.75, 15.25, 15.875, 15.5 ], "texture": "#sniper_ammo_atlas" },
				"east": { "uv": [ 16, 15.25, 15.875, 15.5 ], "texture": "#sniper_ammo_atlas" }
			}
		},
		{
			"__comment": "Voxels",
			"from": [ 10.2, -0.2, 4 ],
			"to": [ 13.6, 0.2, 4.2 ],
			"faces": {
				"down": { "uv": [ 12.375, 9.625, 14.5, 9.75 ], "texture": "#sniper_ammo_atlas" },
				"up": { "uv": [ 12.375, 10.5, 14.5, 10.375 ], "texture": "#sniper_ammo_atlas" },
				"north": { "uv": [ 7.75, 9, 5.625, 9.25 ], "texture": "#sniper_ammo_atlas" },
				"south": { "uv": [ 5.625, 9.25, 7.75, 9.5 ], "texture": "#sniper_ammo_atlas" },
				"west": { "uv": [ 15.875, 14.5, 16, 14.75 ], "texture": "#sniper_ammo_atlas" },
				"east": { "uv": [ 9.5, 12.875, 9.375, 13.125 ], "texture": "#sniper_ammo_atlas" }
			}
		},
		{
			"__comment": "Voxels",
			"from": [ 10.4, -0.2, 3.8 ],
			"to": [ 13.8, 0.2, 4 ],
			"faces": {
				"down": { "uv": [ 12.375, 10.5, 14.5, 10.625 ], "texture": "#sniper_ammo_atlas" },
				"up": { "uv": [ 12.375, 10.75, 14.5, 10.625 ], "texture": "#sniper_ammo_atlas" },
				"north": { "uv": [ 7.75, 9.5, 5.625, 9.75 ], "texture": "#sniper_ammo_atlas" },
				"south": { "uv": [ 5.625, 10, 7.75, 10.25 ], "texture": "#sniper_ammo_atlas" },
				"west": { "uv": [ 9.5, 12.375, 9.625, 12.625 ], "texture": "#sniper_ammo_atlas" },
				"east": { "uv": [ 9.5, 12.125, 9.375, 12.375 ], "texture": "#sniper_ammo_atlas" }
			}
		},
		{
			"__comment": "Voxels",
			"from": [ 10.6, -0.2, 3.6 ],
			"to": [ 14, 0.2, 3.8 ],
			"faces": {
				"down": { "uv": [ 12.375, 10.125, 14.5, 10.25 ], "texture": "#sniper_ammo_atlas" },
				"up": { "uv": [ 12.375, 10.375, 14.5, 10.25 ], "texture": "#sniper_ammo_atlas" },
				"north": { "uv": [ 7.75, 10.25, 5.625, 10.5 ], "texture": "#sniper_ammo_atlas" },
				"south": { "uv": [ 5.625, 9.75, 7.75, 10 ], "texture": "#sniper_ammo_atlas" },
				"west": { "uv": [ 9.25, 11.625, 9.375, 11.875 ], "texture": "#sniper_ammo_atlas" },
				"east": { "uv": [ 9.5, 11.625, 9.375, 11.875 ], "texture": "#sniper_ammo_atlas" }
			}
		},
		{
			"__comment": "Voxels",
			"from": [ 10.8, -0.2, 3.4 ],
			"to": [ 14, 0.2, 3.6 ],
			"faces": {
				"down": { "uv": [ 14, 13.75, 16, 13.875 ], "texture": "#sniper_ammo_atlas" },
				"up": { "uv": [ 14, 14, 16, 13.875 ], "texture": "#sniper_ammo_atlas" },
				"north": { "uv": [ 7.625, 8, 5.625, 8.25 ], "texture": "#sniper_ammo_atlas" },
				"south": { "uv": [ 5.625, 8.25, 7.625, 8.5 ], "texture": "#sniper_ammo_atlas" },
				"west": { "uv": [ 9.25, 11.375, 9.375, 11.625 ], "texture": "#sniper_ammo_atlas" },
				"east": { "uv": [ 9.5, 11.375, 9.375, 11.625 ], "texture": "#sniper_ammo_atlas" }
			}
		},
		{
			"__comment": "Voxels",
			"from": [ 11, -0.2, 3.2 ],
			"to": [ 14.2, 0.2, 3.4 ],
			"faces": {
				"down": { "uv": [ 14, 14, 16, 14.125 ], "texture": "#sniper_ammo_atlas" },
				"up": { "uv": [ 14, 14.25, 16, 14.125 ], "texture": "#sniper_ammo_atlas" },
				"north": { "uv": [ 7.625, 8.5, 5.625, 8.75 ], "texture": "#sniper_ammo_atlas" },
				"south": { "uv": [ 8.25, 15.5, 10.25, 15.75 ], "texture": "#sniper_ammo_atlas" },
				"west": { "uv": [ 8.5, 9.875, 8.625, 10.125 ], "texture": "#sniper_ammo_atlas" },
				"east": { "uv": [ 8.75, 9.875, 8.625, 10.125 ], "texture": "#sniper_ammo_atlas" }
			}
		},
		{
			"__comment": "Voxels",
			"from": [ 11.2, -0.2, 3 ],
			"to": [ 14.2, 0.2, 3.2 ],
			"faces": {
				"down": { "uv": [ 14, 13.625, 15.875, 13.75 ], "texture": "#sniper_ammo_atlas" },
				"up": { "uv": [ 12.375, 9.5, 14.25, 9.375 ], "texture": "#sniper_ammo_atlas" },
				"north": { "uv": [ 15.75, 15.25, 13.875, 15.5 ], "texture": "#sniper_ammo_atlas" },
				"south": { "uv": [ 12, 15.25, 13.875, 15.5 ], "texture": "#sniper_ammo_atlas" },
				"west": { "uv": [ 9.25, 9.875, 9.375, 10.125 ], "texture": "#sniper_ammo_atlas" },
				"east": { "uv": [ 9.5, 9.875, 9.375, 10.125 ], "texture": "#sniper_ammo_atlas" }
			}
		},
		{
			"__comment": "Voxels",
			"from": [ 11.4, -0.2, 2.8 ],
			"to": [ 14.4, 0.2, 3 ],
			"faces": {
				"down": { "uv": [ 12.375, 9.125, 14.25, 9.25 ], "texture": "#sniper_ammo_atlas" },
				"up": { "uv": [ 12.375, 9.375, 14.25, 9.25 ], "texture": "#sniper_ammo_atlas" },
				"north": { "uv": [ 10.125, 15.25, 8.25, 15.5 ], "texture": "#sniper_ammo_atlas" },
				"south": { "uv": [ 10.125, 15.25, 12, 15.5 ], "texture": "#sniper_ammo_atlas" },
				"west": { "uv": [ 8.625, 9.625, 8.75, 9.875 ], "texture": "#sniper_ammo_atlas" },
				"east": { "uv": [ 8.875, 9.625, 8.75, 9.875 ], "texture": "#sniper_ammo_atlas" }
			}
		},
		{
			"__comment": "Voxels",
			"from": [ 11.6, -0.2, 2.6 ],
			"to": [ 14.4, 0.2, 2.8 ],
			"faces": {
				"down": { "uv": [ 12.375, 8.875, 14.125, 9 ], "texture": "#sniper_ammo_atlas" },
				"up": { "uv": [ 12.375, 9.125, 14.125, 9 ], "texture": "#sniper_ammo_atlas" },
				"north": { "uv": [ 11.75, 15, 10, 15.25 ], "texture": "#sniper_ammo_atlas" },
				"south": { "uv": [ 8.25, 15, 10, 15.25 ], "texture": "#sniper_ammo_atlas" },
				"west": { "uv": [ 9.375, 9.625, 9.5, 9.875 ], "texture": "#sniper_ammo_atlas" },
				"east": { "uv": [ 9.625, 9.625, 9.5, 9.875 ], "texture": "#sniper_ammo_atlas" }
			}
		},
		{
			"__comment": "Voxels",
			"from": [ 12, -0.2, 2.4 ],
			"to": [ 14.6, 0.2, 2.6 ],
			"faces": {
				"down": { "uv": [ 12.375, 8.125, 14, 8.25 ], "texture": "#sniper_ammo_atlas" },
				"up": { "uv": [ 12.375, 8.625, 14, 8.5 ], "texture": "#sniper_ammo_atlas" },
				"north": { "uv": [ 13.125, 14.75, 11.5, 15 ], "texture": "#sniper_ammo_atlas" },
				"south": { "uv": [ 9.875, 14.75, 11.5, 15 ], "texture": "#sniper_ammo_atlas" },
				"west": { "uv": [ 8.75, 9.375, 8.875, 9.625 ], "texture": "#sniper_ammo_atlas" },
				"east": { "uv": [ 9, 9.375, 8.875, 9.625 ], "texture": "#sniper_ammo_atlas" }
			}
		},
		{
			"__comment": "Voxels",
			"from": [ 12.2, -0.2, 2.2 ],
			"to": [ 14.6, 0.2, 2.4 ],
			"faces": {
				"down": { "uv": [ 14.5, 10.375, 16, 10.5 ], "texture": "#sniper_ammo_atlas" },
				"up": { "uv": [ 14.5, 10.375, 16, 10.25 ], "texture": "#sniper_ammo_atlas" },
				"north": { "uv": [ 12.75, 14.5, 11.25, 14.75 ], "texture": "#sniper_ammo_atlas" },
				"south": { "uv": [ 9.75, 14.5, 11.25, 14.75 ], "texture": "#sniper_ammo_atlas" },
				"west": { "uv": [ 9.5, 9.375, 9.625, 9.625 ], "texture": "#sniper_ammo_atlas" },
				"east": { "uv": [ 8.375, 9.125, 8.25, 9.375 ], "texture": "#sniper_ammo_atlas" }
			}
		},
		{
			"__comment": "Voxels",
			"from": [ 12.4, -0.2, 2 ],
			"to": [ 14.8, 0.2, 2.2 ],
			"faces": {
				"down": { "uv": [ 14.5, 10.5, 16, 10.625 ], "texture": "#sniper_ammo_atlas" },
				"up": { "uv": [ 14.5, 10.75, 16, 10.625 ], "texture": "#sniper_ammo_atlas" },
				"north": { "uv": [ 9.75, 14.5, 8.25, 14.75 ], "texture": "#sniper_ammo_atlas" },
				"south": { "uv": [ 13.125, 14.75, 14.625, 15 ], "texture": "#sniper_ammo_atlas" },
				"west": { "uv": [ 8.375, 9.125, 8.5, 9.375 ], "texture": "#sniper_ammo_atlas" },
				"east": { "uv": [ 8.625, 9.125, 8.5, 9.375 ], "texture": "#sniper_ammo_atlas" }
			}
		},
		{
			"__comment": "Voxels",
			"from": [ 13.2, -0.2, 1.6 ],
			"to": [ 15, 0.2, 1.8 ],
			"faces": {
				"down": { "uv": [ 8.25, 10.75, 9.375, 10.875 ], "texture": "#sniper_ammo_atlas" },
				"up": { "uv": [ 8.25, 10.75, 9.375, 10.625 ], "texture": "#sniper_ammo_atlas" },
				"north": { "uv": [ 9.375, 12.125, 8.25, 12.375 ], "texture": "#sniper_ammo_atlas" },
				"south": { "uv": [ 8.25, 12.875, 9.375, 13.125 ], "texture": "#sniper_ammo_atlas" },
				"west": { "uv": [ 9.125, 9.125, 9.25, 9.375 ], "texture": "#sniper_ammo_atlas" },
				"east": { "uv": [ 9.375, 9.125, 9.25, 9.375 ], "texture": "#sniper_ammo_atlas" }
			}
		},
		{
			"__comment": "Voxels",
			"from": [ 13.2, -0.2, 1.8 ],
			"to": [ 14.8, 0.2, 2 ],
			"faces": {
				"down": { "uv": [ 8.25, 10.5, 9.25, 10.625 ], "texture": "#sniper_ammo_atlas" },
				"up": { "uv": [ 8.25, 10.5, 9.25, 10.375 ], "texture": "#sniper_ammo_atlas" },
				"north": { "uv": [ 9.25, 11.875, 8.25, 12.125 ], "texture": "#sniper_ammo_atlas" },
				"south": { "uv": [ 8.25, 11.625, 9.25, 11.875 ], "texture": "#sniper_ammo_atlas" },
				"west": { "uv": [ 8.375, 8.375, 8.5, 8.625 ], "texture": "#sniper_ammo_atlas" },
				"east": { "uv": [ 8.5, 8.125, 8.375, 8.375 ], "texture": "#sniper_ammo_atlas" }
			}
		},
		{
			"__comment": "Voxels",
			"from": [ 14, -0.2, 1.4 ],
			"to": [ 15, 0.2, 1.6 ],
			"faces": {
				"down": { "uv": [ 7.625, 8.125, 8.25, 8.25 ], "texture": "#sniper_ammo_atlas" },
				"up": { "uv": [ 7.625, 8.125, 8.25, 8 ], "texture": "#sniper_ammo_atlas" },
				"north": { "uv": [ 8.25, 8.5, 7.625, 8.75 ], "texture": "#sniper_ammo_atlas" },
				"south": { "uv": [ 7.625, 8.25, 8.25, 8.5 ], "texture": "#sniper_ammo_atlas" },
				"west": { "uv": [ 8.625, 8.875, 8.75, 9.125 ], "texture": "#sniper_ammo_atlas" },
				"east": { "uv": [ 8.875, 8.875, 8.75, 9.125 ], "texture": "#sniper_ammo_atlas" }
			}
		},
		{
			"__comment": "Voxels",
			"from": [ 14.4, -0.2, 1.2 ],
			"to": [ 15, 0.2, 1.4 ],
			"faces": {
				"down": { "uv": [ 7.75, 9.625, 8.125, 9.75 ], "texture": "#sniper_ammo_atlas" },
				"up": { "uv": [ 7.75, 9.625, 8.125, 9.5 ], "texture": "#sniper_ammo_atlas" },
				"north": { "uv": [ 8.125, 10.5, 7.75, 10.75 ], "texture": "#sniper_ammo_atlas" },
				"south": { "uv": [ 7.75, 10.25, 8.125, 10.5 ], "texture": "#sniper_ammo_atlas" },
				"west": { "uv": [ 9.375, 8.875, 9.5, 9.125 ], "texture": "#sniper_ammo_atlas" },
				"east": { "uv": [ 9.625, 8.875, 9.5, 9.125 ], "texture": "#sniper_ammo_atlas" }
			}
		}
	],
	"display": {
		"thirdperson_righthand": {
			"rotation":  [ 90.75, 43.75, 0 ],
			"translation":  [ 0.25, 0.75, 5 ],
			"scale":  [ 0.5, 0.5, 0.5 ]
		},
		"thirdperson_lefthand": {
			"rotation":  [ 135, 1, 90 ],
			"translation":  [ -4.25, 2.75, 1 ],
			"scale":  [ 0.5, 0.5, 0.5 ]
		},
		"firstperson_righthand": {
			"rotation":  [ 33, 8, 99 ],
			"translation":  [ -2.75, -2.75, 0 ]
		},
		"firstperson_lefthand": {
			"rotation":  [ 91, 0, 88 ],
			"translation":  [ -4.75, 0.75, 0 ]
		},
		"gui": {
			"rotation":  [ 90, 0, 0 ]
		},
		"ground": {
			"rotation":  [ 90, 0, 0 ],
			"translation":  [ 0, 0.5, 7.75 ],
			"scale":  [ 0.5, 1, 0.5 ]
		},
		"fixed": {
			"rotation":  [ 90, 0, 0 ],
			"translation":  [ 0, 0, 7.75 ]
		}
	}
}